Source URL,Target URL,Status Code,Include subpaths,Subpath matching,Preserve query string,Preserve path suffix
https://prokr.com/blog/best-pest-control-methods-saudi-arabia,https://prokr.co/blog,301,FALSE,FALSE,FALSE,FALSE
https://prokr.com/saudi/madinah/ac/ac-installation,https://prokr.co/madinah/ac-installation,301,FALSE,FALSE,FALSE,FALSE
https://prokr.com/faq/electricity/dhahran,https://prokr.co/dhahran,301,FALSE,FALSE,FALSE,FALSE
https://prokr.com/saudi/al-lith/painting-gypsum,https://prokr.co/corporate/acquisition,301,FALSE,FALSE,FALSE,FALSE
https://prokr.com/deals/electricity/makkah,https://prokr.co/makkah,301,FALSE,FALSE,FALSE,FALSE
https://prokr.com/pricing/leaks-plumbing/najran,https://prokr.co/najran/water-leak-detection,301,FALSE,FALSE,FALSE,FALSE
https://prokr.com/saudi/riyadh/appliances/refrigerators,https://prokr.co/riyadh,301,FALSE,FALSE,FALSE,FALSE
https://prokr.com/pricing/ac/madinah,https://prokr.co/madinah/air-conditioner-cleaning,301,FALSE,FALSE,FALSE,FALSE
https://prokr.com/faq/ac/jazan,https://prokr.co/jazan/air-conditioner-cleaning,301,FALSE,FALSE,FALSE,FALSE
https://prokr.com/pricing/leaks-plumbing/ras-tanura,https://prokr.co/ras-tanura/water-leak-detection,301,FALSE,FALSE,FALSE,FALSE
https://prokr.com/saudi/makkah/painting-gypsum/wallpaper,https://prokr.co/makkah,301,FALSE,FALSE,FALSE,FALSE
https://prokr.com/faq/ac/bisha,https://prokr.co/corporate/acquisition,301,FALSE,FALSE,FALSE,FALSE
https://prokr.com/saudi/duba/moving,https://prokr.co/corporate/acquisition,301,FALSE,FALSE,FALSE,FALSE
https://prokr.com/services/carpentry/doors-windows,https://prokr.co/services-page,301,FALSE,FALSE,FALSE,FALSE
https://prokr.com/faq/pest-control/ras-tanura,https://prokr.co/ras-tanura/pest-control,301,FALSE,FALSE,FALSE,FALSE
https://prokr.com/services/cleaning/sanitization,https://prokr.co/services-page,301,FALSE,FALSE,FALSE,FALSE
https://prokr.com/about,https://prokr.co/about-us,301,FALSE,FALSE,FALSE,FALSE
https://prokr.com/saudi/hail/painting-gypsum,https://prokr.co/hail,301,FALSE,FALSE,FALSE,FALSE
https://prokr.com/pricing/painting-gypsum/buraydah,https://prokr.co/buraidah,301,FALSE,FALSE,FALSE,FALSE
https://prokr.com/deals/cleaning/dammam,https://prokr.co/dammam/cleaning,301,FALSE,FALSE,FALSE,FALSE
https://prokr.com/pricing/carpentry/alqunfudhah,https://prokr.co/corporate/acquisition,301,FALSE,FALSE,FALSE,FALSE
https://prokr.com/deals/moving/dammam,https://prokr.co/dammam/furniture-moving,301,FALSE,FALSE,FALSE,FALSE
https://prokr.com/saudi/jeddah/aluminum-glass/glass-facades,https://prokr.co/jeddah,301,FALSE,FALSE,FALSE,FALSE
https://prokr.com/deals/pest-control/khobar,https://prokr.co/al-khobar/pest-control,301,FALSE,FALSE,FALSE,FALSE
https://prokr.com/saudi/qatif/electricity,https://prokr.co/qatif,301,FALSE,FALSE,FALSE,FALSE
https://prokr.com/faq/aluminum-glass/dammam,https://prokr.co/dammam,301,FALSE,FALSE,FALSE,FALSE
https://prokr.com/emergency/moving/arar,https://prokr.co/corporate/acquisition,301,FALSE,FALSE,FALSE,FALSE
https://prokr.com/faq/ac/safwa,https://prokr.co/corporate/acquisition,301,FALSE,FALSE,FALSE,FALSE
https://prokr.com/saudi/rabigh/ac,https://prokr.co/rabigh/air-conditioner-cleaning,301,FALSE,FALSE,FALSE,FALSE
https://prokr.com/emergency/moving/abha,https://prokr.co/abha/furniture-moving,301,FALSE,FALSE,FALSE,FALSE
https://prokr.com/deals/ac/dammam,https://prokr.co/dammam/air-conditioner-cleaning,301,FALSE,FALSE,FALSE,FALSE
https://prokr.com/deals/pest-control/khamis-mushait,https://prokr.co/khamis-mushait/pest-control,301,FALSE,FALSE,FALSE,FALSE
https://prokr.com/saudi/riyadh/leaks-plumbing/acoustic-leak-detection,https://prokr.co/riyadh/water-leak-detection,301,FALSE,FALSE,FALSE,FALSE
https://prokr.com/saudi/madinah/pest-control/termites,https://prokr.co/madinah/termite-control,301,FALSE,FALSE,FALSE,FALSE
https://prokr.com/saudi/umluj/ac,https://prokr.co/corporate/acquisition,301,FALSE,FALSE,FALSE,FALSE
https://prokr.com/saudi/dammam/pest-control/ants,https://prokr.co/dammam/ants-control,301,FALSE,FALSE,FALSE,FALSE
https://prokr.com/faq/cleaning/tabuk,https://prokr.co/tabuk/cleaning,301,FALSE,FALSE,FALSE,FALSE
https://prokr.com/faq/cleaning/tayma,https://prokr.co/corporate/acquisition,301,FALSE,FALSE,FALSE,FALSE
https://prokr.com/saudi/tayma/painting-gypsum,https://prokr.co/corporate/acquisition,301,FALSE,FALSE,FALSE,FALSE
https://prokr.com/saudi/jeddah/car-towing/intercity-towing,https://prokr.co/jeddah,301,FALSE,FALSE,FALSE,FALSE
https://prokr.com/saudi/makkah/leaks-plumbing/pipe-repair,https://prokr.co/makkah/plumbing,301,FALSE,FALSE,FALSE,FALSE
https://prokr.com/deals/pest-control/sayhat,https://prokr.co/corporate/acquisition,301,FALSE,FALSE,FALSE,FALSE
https://prokr.com/saudi/makkah/painting-gypsum/interior-painting,https://prokr.co/makkah,301,FALSE,FALSE,FALSE,FALSE
https://prokr.com/pricing/pest-control/muhayil,https://prokr.co/corporate/acquisition,301,FALSE,FALSE,FALSE,FALSE
https://prokr.com/services/painting-gypsum/interior-painting,https://prokr.co/services-page,301,FALSE,FALSE,FALSE,FALSE
https://prokr.com/faq/ac/makkah,https://prokr.co/makkah/air-conditioner-cleaning,301,FALSE,FALSE,FALSE,FALSE
https://prokr.com/saudi/hafr-al-batin/painting-gypsum,https://prokr.co/hafr-albatin,301,FALSE,FALSE,FALSE,FALSE
https://prokr.com/deals/painting-gypsum/madinah,https://prokr.co/madinah,301,FALSE,FALSE,FALSE,FALSE
https://prokr.com/pricing/carpentry/madinah,https://prokr.co/madinah,301,FALSE,FALSE,FALSE,FALSE
https://prokr.com/pricing/electricity/jazan,https://prokr.co/jazan,301,FALSE,FALSE,FALSE,FALSE
https://prokr.com/saudi/madinah/appliances/refrigerators,https://prokr.co/madinah,301,FALSE,FALSE,FALSE,FALSE
https://prokr.com/faq/carpentry/muhayil,https://prokr.co/corporate/acquisition,301,FALSE,FALSE,FALSE,FALSE
https://prokr.com/pricing/moving/al-ahsa,https://prokr.co/al-ahsa/furniture-moving,301,FALSE,FALSE,FALSE,FALSE
https://prokr.com/saudi/dhahran,https://prokr.co/dhahran,301,FALSE,FALSE,FALSE,FALSE
https://prokr.com/pricing/moving/umluj,https://prokr.co/corporate/acquisition,301,FALSE,FALSE,FALSE,FALSE
https://prokr.com/faq/cleaning/taif,https://prokr.co/taif/cleaning,301,FALSE,FALSE,FALSE,FALSE
https://prokr.com/deals/painting-gypsum/khobar,https://prokr.co/al-khobar,301,FALSE,FALSE,FALSE,FALSE
https://prokr.com/faq/carpentry/rabigh,https://prokr.co/rabigh,301,FALSE,FALSE,FALSE,FALSE
https://prokr.com/deals/pest-control/riyadh,https://prokr.co/riyadh/pest-control,301,FALSE,FALSE,FALSE,FALSE
https://prokr.com/pricing/electricity/dhahran,https://prokr.co/dhahran,301,FALSE,FALSE,FALSE,FALSE
https://prokr.com/deals/ac/taif,https://prokr.co/taif/air-conditioner-cleaning,301,FALSE,FALSE,FALSE,FALSE
https://prokr.com/emergency/ac/khobar,https://prokr.co/al-khobar/air-conditioner-cleaning,301,FALSE,FALSE,FALSE,FALSE
https://prokr.com/emergency/leaks-plumbing/riyadh,https://prokr.co/riyadh/water-leak-detection,301,FALSE,FALSE,FALSE,FALSE
https://prokr.com/deals/moving/khamis-mushait,https://prokr.co/khamis-mushait/furniture-moving,301,FALSE,FALSE,FALSE,FALSE
https://prokr.com/pricing/ac/khobar,https://prokr.co/al-khobar/air-conditioner-cleaning,301,FALSE,FALSE,FALSE,FALSE
https://prokr.com/faq/ac/yanbu,https://prokr.co/yanbu/air-conditioner-cleaning,301,FALSE,FALSE,FALSE,FALSE
https://prokr.com/faq/moving/hafr-al-batin,https://prokr.co/hafr-albatin/furniture-moving,301,FALSE,FALSE,FALSE,FALSE
https://prokr.com/faq/leaks-plumbing/al-ahsa,https://prokr.co/al-ahsa/water-leak-detection,301,FALSE,FALSE,FALSE,FALSE
https://prokr.com/emergency/moving/al-lith,https://prokr.co/corporate/acquisition,301,FALSE,FALSE,FALSE,FALSE
https://prokr.com/saudi/jeddah/flooring/parquet-vinyl,https://prokr.co/jeddah,301,FALSE,FALSE,FALSE,FALSE
https://prokr.com/emergency/moving/duba,https://prokr.co/corporate/acquisition,301,FALSE,FALSE,FALSE,FALSE
https://prokr.com/services/leaks-plumbing/bathroom-kitchen-waterproofing,https://prokr.co/services-page,301,FALSE,FALSE,FALSE,FALSE
https://prokr.com/deals/moving/hafr-al-batin,https://prokr.co/hafr-albatin/furniture-moving,301,FALSE,FALSE,FALSE,FALSE
https://prokr.com/saudi/al-majmah/moving,https://prokr.co/majmaah/furniture-moving,301,FALSE,FALSE,FALSE,FALSE
https://prokr.com/saudi/makkah/landscaping/garden-design,https://prokr.co/makkah/landscaping,301,FALSE,FALSE,FALSE,FALSE
https://prokr.com/saudi/jeddah/ac/split-ac-cleaning,https://prokr.co/jeddah/air-conditioner-cleaning,301,FALSE,FALSE,FALSE,FALSE
https://prokr.com/deals/leaks-plumbing/dammam,https://prokr.co/dammam/water-leak-detection,301,FALSE,FALSE,FALSE,FALSE
https://prokr.com/faq/carpentry/onaizah,https://prokr.co/onizah,301,FALSE,FALSE,FALSE,FALSE
https://prokr.com/emergency/leaks-plumbing/sayhat,https://prokr.co/corporate/acquisition,301,FALSE,FALSE,FALSE,FALSE
https://prokr.com/faq/painting-gypsum/al-ahsa,https://prokr.co/al-ahsa,301,FALSE,FALSE,FALSE,FALSE
https://prokr.com/faq/ac/qatif,https://prokr.co/qatif/air-conditioner-cleaning,301,FALSE,FALSE,FALSE,FALSE
https://prokr.com/emergency/leaks-plumbing/alqunfudhah,https://prokr.co/corporate/acquisition,301,FALSE,FALSE,FALSE,FALSE
https://prokr.com/emergency/leaks-plumbing/khobar,https://prokr.co/al-khobar/water-leak-detection,301,FALSE,FALSE,FALSE,FALSE
https://prokr.com/emergency/ac/riyadh,https://prokr.co/riyadh/air-conditioner-cleaning,301,FALSE,FALSE,FALSE,FALSE
https://prokr.com/saudi/makkah/electricity/panels-distribution,https://prokr.co/makkah,301,FALSE,FALSE,FALSE,FALSE
https://prokr.com/saudi/riyadh/car-towing,https://prokr.co/riyadh,301,FALSE,FALSE,FALSE,FALSE
https://prokr.com/faq/electricity/najran,https://prokr.co/najran,301,FALSE,FALSE,FALSE,FALSE
https://prokr.com/deals,https://prokr.co/corporate/acquisition,301,FALSE,FALSE,FALSE,FALSE
https://prokr.com/faq/carpentry/yanbu,https://prokr.co/yanbu,301,FALSE,FALSE,FALSE,FALSE
https://prokr.com/faq/cleaning/dhahran,https://prokr.co/dhahran/cleaning,301,FALSE,FALSE,FALSE,FALSE
https://prokr.com/saudi/jubail/pest-control,https://prokr.co/jubail/pest-control,301,FALSE,FALSE,FALSE,FALSE
https://prokr.com/saudi/jeddah/leaks-plumbing/tank-leaks,https://prokr.co/jeddah/tank-leak-detection,301,FALSE,FALSE,FALSE,FALSE
https://prokr.com/saudi/rabigh/painting-gypsum,https://prokr.co/rabigh,301,FALSE,FALSE,FALSE,FALSE
https://prokr.com/saudi/tayma/leaks-plumbing,https://prokr.co/corporate/acquisition,301,FALSE,FALSE,FALSE,FALSE
https://prokr.com/pricing/ac/riyadh,https://prokr.co/riyadh/air-conditioner-cleaning,301,FALSE,FALSE,FALSE,FALSE
https://prokr.com/pricing/appliances/dammam,https://prokr.co/dammam,301,FALSE,FALSE,FALSE,FALSE
https://prokr.com/pricing/cleaning/makkah,https://prokr.co/makkah/cleaning,301,FALSE,FALSE,FALSE,FALSE
https://prokr.com/saudi/hail/electricity,https://prokr.co/hail,301,FALSE,FALSE,FALSE,FALSE
https://prokr.com/saudi/riyadh/flooring,https://prokr.co/riyadh,301,FALSE,FALSE,FALSE,FALSE
https://prokr.com/saudi/dammam/aluminum-glass/glass-facades,https://prokr.co/dammam,301,FALSE,FALSE,FALSE,FALSE
https://prokr.com/saudi/riyadh/appliances,https://prokr.co/riyadh,301,FALSE,FALSE,FALSE,FALSE
https://prokr.com/emergency/ac/sayhat,https://prokr.co/corporate/acquisition,301,FALSE,FALSE,FALSE,FALSE
https://prokr.com/saudi/riyadh/carpentry/doors-windows,https://prokr.co/riyadh,301,FALSE,FALSE,FALSE,FALSE
https://prokr.com/saudi/dammam/ac/unit-relocation,https://prokr.co/dammam/ac-maintenance,301,FALSE,FALSE,FALSE,FALSE
https://prokr.com/faq/electricity/sakaka,https://prokr.co/corporate/acquisition,301,FALSE,FALSE,FALSE,FALSE
https://prokr.com/pricing/pest-control/alqunfudhah,https://prokr.co/corporate/acquisition,301,FALSE,FALSE,FALSE,FALSE
https://prokr.com/saudi/jeddah,https://prokr.co/jeddah,301,FALSE,FALSE,FALSE,FALSE
https://prokr.com/pricing/ac/sayhat,https://prokr.co/corporate/acquisition,301,FALSE,FALSE,FALSE,FALSE
https://prokr.com/emergency/leaks-plumbing/wadi-ad-dawasir,https://prokr.co/corporate/acquisition,301,FALSE,FALSE,FALSE,FALSE
https://prokr.com/faq/cleaning/qatif,https://prokr.co/qatif/cleaning,301,FALSE,FALSE,FALSE,FALSE
https://prokr.com/emergency/ac/alqunfudhah,https://prokr.co/corporate/acquisition,301,FALSE,FALSE,FALSE,FALSE
https://prokr.com/faq/leaks-plumbing/dhahran,https://prokr.co/dhahran/water-leak-detection,301,FALSE,FALSE,FALSE,FALSE
https://prokr.com/saudi/dammam/cleaning/sanitization,https://prokr.co/dammam/sanitization,301,FALSE,FALSE,FALSE,FALSE
https://prokr.com/pricing/electricity/riyadh,https://prokr.co/riyadh,301,FALSE,FALSE,FALSE,FALSE
https://prokr.com/saudi/dammam/moving/crane-lifting,https://prokr.co/dammam/heavy-equipment-moving,301,FALSE,FALSE,FALSE,FALSE
https://prokr.com/services/ac/ac-installation,https://prokr.co/services-page,301,FALSE,FALSE,FALSE,FALSE
https://prokr.com/faq/landscaping/makkah,https://prokr.co/makkah/landscaping,301,FALSE,FALSE,FALSE,FALSE
https://prokr.com/saudi/najran/painting-gypsum,https://prokr.co/najran,301,FALSE,FALSE,FALSE,FALSE
https://prokr.com/deals/ac/buraydah,https://prokr.co/buraidah/air-conditioner-cleaning,301,FALSE,FALSE,FALSE,FALSE
https://prokr.com/saudi/alqunfudhah/leaks-plumbing,https://prokr.co/corporate/acquisition,301,FALSE,FALSE,FALSE,FALSE
https://prokr.com/faq/painting-gypsum/al-lith,https://prokr.co/corporate/acquisition,301,FALSE,FALSE,FALSE,FALSE
https://prokr.com/emergency/moving/hail,https://prokr.co/hail/furniture-moving,301,FALSE,FALSE,FALSE,FALSE
https://prokr.com/saudi/dammam/carpentry/furniture-repair,https://prokr.co/dammam,301,FALSE,FALSE,FALSE,FALSE
https://prokr.com/saudi/sayhat/carpentry,https://prokr.co/corporate/acquisition,301,FALSE,FALSE,FALSE,FALSE
https://prokr.com/pricing/electricity/hail,https://prokr.co/hail,301,FALSE,FALSE,FALSE,FALSE
https://prokr.com/saudi/sakaka/painting-gypsum,https://prokr.co/corporate/acquisition,301,FALSE,FALSE,FALSE,FALSE
https://prokr.com/faq/cleaning/yanbu,https://prokr.co/yanbu/cleaning,301,FALSE,FALSE,FALSE,FALSE
https://prokr.com/saudi/muhayil/carpentry,https://prokr.co/corporate/acquisition,301,FALSE,FALSE,FALSE,FALSE
https://prokr.com/deals/pest-control/rabigh,https://prokr.co/rabigh/pest-control,301,FALSE,FALSE,FALSE,FALSE
https://prokr.com/saudi/khamis-mushait/carpentry,https://prokr.co/khamis-mushait,301,FALSE,FALSE,FALSE,FALSE
https://prokr.com/saudi/tabuk/ac,https://prokr.co/tabuk/air-conditioner-cleaning,301,FALSE,FALSE,FALSE,FALSE
https://prokr.com/faq/ac/onaizah,https://prokr.co/onizah/air-conditioner-cleaning,301,FALSE,FALSE,FALSE,FALSE
https://prokr.com/saudi/riyadh/electricity/panels-distribution,https://prokr.co/riyadh,301,FALSE,FALSE,FALSE,FALSE
https://prokr.com/saudi/dhahran/moving,https://prokr.co/dhahran/furniture-moving,301,FALSE,FALSE,FALSE,FALSE
https://prokr.com/deals/carpentry/madinah,https://prokr.co/madinah,301,FALSE,FALSE,FALSE,FALSE
https://prokr.com/faq/cleaning/al-ahsa,https://prokr.co/al-ahsa/cleaning,301,FALSE,FALSE,FALSE,FALSE
https://prokr.com/deals/electricity/jazan,https://prokr.co/jazan,301,FALSE,FALSE,FALSE,FALSE
https://prokr.com/saudi/hafr-al-batin/carpentry,https://prokr.co/hafr-albatin,301,FALSE,FALSE,FALSE,FALSE
https://prokr.com/faq/painting-gypsum/az-zulfi,https://prokr.co/corporate/acquisition,301,FALSE,FALSE,FALSE,FALSE
https://prokr.com/saudi/taif/carpentry,https://prokr.co/taif,301,FALSE,FALSE,FALSE,FALSE
https://prokr.com/deals/painting-gypsum/sakaka,https://prokr.co/corporate/acquisition,301,FALSE,FALSE,FALSE,FALSE
https://prokr.com/deals/carpentry/jeddah,https://prokr.co/jeddah,301,FALSE,FALSE,FALSE,FALSE
https://prokr.com/faq/moving/al-bahah,https://prokr.co/al-baha/furniture-moving,301,FALSE,FALSE,FALSE,FALSE
https://prokr.com/saudi/madinah/moving/storage,https://prokr.co/madinah/furniture-storage,301,FALSE,FALSE,FALSE,FALSE
https://prokr.com/deals/electricity/alqunfudhah,https://prokr.co/corporate/acquisition,301,FALSE,FALSE,FALSE,FALSE
https://prokr.com/faq/painting-gypsum/jeddah,https://prokr.co/jeddah,301,FALSE,FALSE,FALSE,FALSE
https://prokr.com/saudi/khamis-mushait/ac,https://prokr.co/khamis-mushait/air-conditioner-cleaning,301,FALSE,FALSE,FALSE,FALSE
https://prokr.com/saudi/tayma/cleaning,https://prokr.co/corporate/acquisition,301,FALSE,FALSE,FALSE,FALSE
https://prokr.com/deals/pest-control/jeddah,https://prokr.co/jeddah/pest-control,301,FALSE,FALSE,FALSE,FALSE
https://prokr.com/saudi/madinah/carpentry/furniture-repair,https://prokr.co/madinah,301,FALSE,FALSE,FALSE,FALSE
https://prokr.com/services/electricity/wiring-lighting,https://prokr.co/services-page,301,FALSE,FALSE,FALSE,FALSE
https://prokr.com/saudi/qatif/leaks-plumbing,https://prokr.co/qatif/water-leak-detection,301,FALSE,FALSE,FALSE,FALSE
https://prokr.com/pricing/painting-gypsum/ras-tanura,https://prokr.co/ras-tanura,301,FALSE,FALSE,FALSE,FALSE
https://prokr.com/saudi/madinah/carpentry/doors-windows,https://prokr.co/madinah,301,FALSE,FALSE,FALSE,FALSE
https://prokr.com/saudi/riyadh/moving/crane-lifting,https://prokr.co/riyadh/heavy-equipment-moving,301,FALSE,FALSE,FALSE,FALSE
https://prokr.com/pricing/ac/al-lith,https://prokr.co/corporate/acquisition,301,FALSE,FALSE,FALSE,FALSE
https://prokr.com/deals/painting-gypsum/najran,https://prokr.co/najran,301,FALSE,FALSE,FALSE,FALSE
https://prokr.com/saudi/riyadh/leaks-plumbing/pumps-valves,https://prokr.co/riyadh/plumbing,301,FALSE,FALSE,FALSE,FALSE
https://prokr.com/services/pest-control/ants,https://prokr.co/services-page,301,FALSE,FALSE,FALSE,FALSE
https://prokr.com/emergency/ac/rabigh,https://prokr.co/rabigh/air-conditioner-cleaning,301,FALSE,FALSE,FALSE,FALSE
https://prokr.com/faq/moving/dammam,https://prokr.co/dammam/furniture-moving,301,FALSE,FALSE,FALSE,FALSE
https://prokr.com/faq/cleaning/safwa,https://prokr.co/corporate/acquisition,301,FALSE,FALSE,FALSE,FALSE
https://prokr.com/saudi/jubail/carpentry,https://prokr.co/jubail,301,FALSE,FALSE,FALSE,FALSE
https://prokr.com/emergency/leaks-plumbing/jeddah,https://prokr.co/jeddah/water-leak-detection,301,FALSE,FALSE,FALSE,FALSE
https://prokr.com/saudi/riyadh/electricity/cctv-systems,https://prokr.co/riyadh,301,FALSE,FALSE,FALSE,FALSE
https://prokr.com/pricing/electricity/buraydah,https://prokr.co/buraidah,301,FALSE,FALSE,FALSE,FALSE
https://prokr.com/pricing/ac/rabigh,https://prokr.co/rabigh/air-conditioner-cleaning,301,FALSE,FALSE,FALSE,FALSE
https://prokr.com/faq/painting-gypsum/yanbu,https://prokr.co/yanbu,301,FALSE,FALSE,FALSE,FALSE
https://prokr.com/saudi/jeddah/carpentry/furniture-repair,https://prokr.co/jeddah,301,FALSE,FALSE,FALSE,FALSE
https://prokr.com/deals/electricity/ras-tanura,https://prokr.co/ras-tanura,301,FALSE,FALSE,FALSE,FALSE
https://prokr.com/pricing/cleaning/umluj,https://prokr.co/corporate/acquisition,301,FALSE,FALSE,FALSE,FALSE
https://prokr.com/faq/cleaning/bisha,https://prokr.co/corporate/acquisition,301,FALSE,FALSE,FALSE,FALSE
https://prokr.com/faq/cleaning/jazan,https://prokr.co/jazan/cleaning,301,FALSE,FALSE,FALSE,FALSE
https://prokr.com/saudi/al-ahsa/cleaning,https://prokr.co/al-ahsa/cleaning,301,FALSE,FALSE,FALSE,FALSE
https://prokr.com/saudi/jeddah/moving/insurance-warranty,https://prokr.co/jeddah/furniture-moving,301,FALSE,FALSE,FALSE,FALSE
https://prokr.com/faq/carpentry/makkah,https://prokr.co/makkah,301,FALSE,FALSE,FALSE,FALSE
https://prokr.com/saudi/madinah/ac/split-ac-cleaning,https://prokr.co/madinah/air-conditioner-cleaning,301,FALSE,FALSE,FALSE,FALSE
https://prokr.com/saudi/jeddah/leaks-plumbing/drain-unclogging,https://prokr.co/jeddah/sewage-unblocking,301,FALSE,FALSE,FALSE,FALSE
https://prokr.com/saudi/riyadh/moving,https://prokr.co/riyadh/furniture-moving,301,FALSE,FALSE,FALSE,FALSE
https://prokr.com/deals/electricity/madinah,https://prokr.co/madinah,301,FALSE,FALSE,FALSE,FALSE
https://prokr.com/deals/carpentry/hail,https://prokr.co/hail,301,FALSE,FALSE,FALSE,FALSE
https://prokr.com/saudi/najran/electricity,https://prokr.co/najran,301,FALSE,FALSE,FALSE,FALSE
https://prokr.com/deals/cleaning/taif,https://prokr.co/taif/cleaning,301,FALSE,FALSE,FALSE,FALSE
https://prokr.com/emergency/leaks-plumbing/rabigh,https://prokr.co/rabigh/water-leak-detection,301,FALSE,FALSE,FALSE,FALSE
https://prokr.com/faq/cleaning/jubail,https://prokr.co/jubail/cleaning,301,FALSE,FALSE,FALSE,FALSE
https://prokr.com/pricing/ac/jeddah,https://prokr.co/jeddah/air-conditioner-cleaning,301,FALSE,FALSE,FALSE,FALSE
https://prokr.com/deals/electricity/rabigh,https://prokr.co/rabigh,301,FALSE,FALSE,FALSE,FALSE
https://prokr.com/deals/pest-control/buraydah,https://prokr.co/buraidah/pest-control,301,FALSE,FALSE,FALSE,FALSE
https://prokr.com/pricing/carpentry/sayhat,https://prokr.co/corporate/acquisition,301,FALSE,FALSE,FALSE,FALSE
https://prokr.com/faq/electricity/khobar,https://prokr.co/al-khobar,301,FALSE,FALSE,FALSE,FALSE
https://prokr.com/saudi/dammam/leaks-plumbing/bathroom-kitchen-waterproofing,https://prokr.co/dammam/bathroom-leak-detection,301,FALSE,FALSE,FALSE,FALSE
https://prokr.com/saudi/makkah/cleaning/post-construction,https://prokr.co/makkah/post-construction-cleaning,301,FALSE,FALSE,FALSE,FALSE
https://prokr.com/emergency/ac/jeddah,https://prokr.co/jeddah/air-conditioner-cleaning,301,FALSE,FALSE,FALSE,FALSE
https://prokr.com/emergency/pest-control/khamis-mushait,https://prokr.co/khamis-mushait/pest-control,301,FALSE,FALSE,FALSE,FALSE
https://prokr.com/saudi/sakaka/moving,https://prokr.co/corporate/acquisition,301,FALSE,FALSE,FALSE,FALSE
https://prokr.com/saudi/az-zulfi/pest-control,https://prokr.co/corporate/acquisition,301,FALSE,FALSE,FALSE,FALSE
https://prokr.com/saudi/tabuk/cleaning,https://prokr.co/tabuk/cleaning,301,FALSE,FALSE,FALSE,FALSE
https://prokr.com/saudi/jeddah/appliances/ovens-stoves,https://prokr.co/jeddah,301,FALSE,FALSE,FALSE,FALSE
https://prokr.com/faq/flooring/dammam,https://prokr.co/dammam,301,FALSE,FALSE,FALSE,FALSE
https://prokr.com/faq/electricity/hafr-al-batin,https://prokr.co/hafr-albatin,301,FALSE,FALSE,FALSE,FALSE
https://prokr.com/saudi/riyadh/moving/disassembly-assembly,https://prokr.co/riyadh/furniture-moving,301,FALSE,FALSE,FALSE,FALSE
https://prokr.com/pricing/insulation-roofs/madinah,https://prokr.co/madinah/roof-insulation,301,FALSE,FALSE,FALSE,FALSE
https://prokr.com/faq/ac/tayma,https://prokr.co/corporate/acquisition,301,FALSE,FALSE,FALSE,FALSE
https://prokr.com/blog/home-deep-cleaning-guide-saudi,https://prokr.co/blog,301,FALSE,FALSE,FALSE,FALSE
https://prokr.com/faq/ac/tabuk,https://prokr.co/tabuk/air-conditioner-cleaning,301,FALSE,FALSE,FALSE,FALSE
https://prokr.com/saudi/arar/electricity,https://prokr.co/corporate/acquisition,301,FALSE,FALSE,FALSE,FALSE
https://prokr.com/pricing/moving/dhahran,https://prokr.co/dhahran/furniture-moving,301,FALSE,FALSE,FALSE,FALSE
https://prokr.com/pricing/carpentry/ras-tanura,https://prokr.co/ras-tanura,301,FALSE,FALSE,FALSE,FALSE
https://prokr.com/saudi/jeddah/cleaning,https://prokr.co/jeddah/cleaning,301,FALSE,FALSE,FALSE,FALSE
https://prokr.com/saudi/jubail/painting-gypsum,https://prokr.co/jubail,301,FALSE,FALSE,FALSE,FALSE
https://prokr.com/deals/electricity/khamis-mushait,https://prokr.co/khamis-mushait,301,FALSE,FALSE,FALSE,FALSE
https://prokr.com/services/electricity/panels-distribution,https://prokr.co/services-page,301,FALSE,FALSE,FALSE,FALSE
https://prokr.com/emergency/leaks-plumbing/muhayil,https://prokr.co/corporate/acquisition,301,FALSE,FALSE,FALSE,FALSE
https://prokr.com/saudi/madinah/cleaning/sofa-curtains,https://prokr.co/madinah/sofa-cleaning,301,FALSE,FALSE,FALSE,FALSE
https://prokr.com/deals/appliances/dammam,https://prokr.co/dammam,301,FALSE,FALSE,FALSE,FALSE
https://prokr.com/privacy,https://prokr.co/privacy-policy,301,FALSE,FALSE,FALSE,FALSE
https://prokr.com/saudi/buraydah/carpentry,https://prokr.co/buraidah,301,FALSE,FALSE,FALSE,FALSE
https://prokr.com/saudi/umluj/painting-gypsum,https://prokr.co/corporate/acquisition,301,FALSE,FALSE,FALSE,FALSE
https://prokr.com/emergency/moving/madinah,https://prokr.co/madinah/furniture-moving,301,FALSE,FALSE,FALSE,FALSE
https://prokr.com/saudi/makkah/electricity/wiring-lighting,https://prokr.co/makkah,301,FALSE,FALSE,FALSE,FALSE
https://prokr.com/emergency/pest-control/al-bahah,https://prokr.co/al-baha/pest-control,301,FALSE,FALSE,FALSE,FALSE
https://prokr.com/pricing/moving/onaizah,https://prokr.co/onizah/furniture-moving,301,FALSE,FALSE,FALSE,FALSE
https://prokr.com/saudi/jazan/leaks-plumbing,https://prokr.co/jazan/water-leak-detection,301,FALSE,FALSE,FALSE,FALSE
https://prokr.com/saudi/muhayil/painting-gypsum,https://prokr.co/corporate/acquisition,301,FALSE,FALSE,FALSE,FALSE
https://prokr.com/saudi/dammam/insulation-roofs/thermal-insulation,https://prokr.co/dammam/thermal-insulation,301,FALSE,FALSE,FALSE,FALSE
https://prokr.com/pricing/ac/buraydah,https://prokr.co/buraidah/air-conditioner-cleaning,301,FALSE,FALSE,FALSE,FALSE
https://prokr.com/saudi/makkah/pest-control/annual-contracts,https://prokr.co/makkah/pest-control,301,FALSE,FALSE,FALSE,FALSE
https://prokr.com/saudi/riyadh/aluminum-glass/aluminum-windows-doors,https://prokr.co/riyadh,301,FALSE,FALSE,FALSE,FALSE
https://prokr.com/pricing/moving/alqunfudhah,https://prokr.co/corporate/acquisition,301,FALSE,FALSE,FALSE,FALSE
https://prokr.com/saudi/jubail/leaks-plumbing,https://prokr.co/jubail/water-leak-detection,301,FALSE,FALSE,FALSE,FALSE
https://prokr.com/services/pest-control,https://prokr.co/services-page,301,FALSE,FALSE,FALSE,FALSE
https://prokr.com/deals/painting-gypsum/khamis-mushait,https://prokr.co/khamis-mushait,301,FALSE,FALSE,FALSE,FALSE
https://prokr.com/deals/electricity/buraydah,https://prokr.co/buraidah,301,FALSE,FALSE,FALSE,FALSE
https://prokr.com/saudi/madinah/insulation-roofs/foam-bitumen,https://prokr.co/madinah/foam-insulation,301,FALSE,FALSE,FALSE,FALSE
https://prokr.com/deals/pest-control/sakaka,https://prokr.co/corporate/acquisition,301,FALSE,FALSE,FALSE,FALSE
https://prokr.com/deals/leaks-plumbing/makkah,https://prokr.co/makkah/water-leak-detection,301,FALSE,FALSE,FALSE,FALSE
https://prokr.com/blog/category/saudi-homes,https://prokr.co/blog,301,FALSE,FALSE,FALSE,FALSE
https://prokr.com/faq/pest-control/jubail,https://prokr.co/jubail/pest-control,301,FALSE,FALSE,FALSE,FALSE
https://prokr.com/deals/ac/abha,https://prokr.co/abha/air-conditioner-cleaning,301,FALSE,FALSE,FALSE,FALSE
https://prokr.com/deals/ac/arar,https://prokr.co/corporate/acquisition,301,FALSE,FALSE,FALSE,FALSE
https://prokr.com/faq/painting-gypsum/umluj,https://prokr.co/corporate/acquisition,301,FALSE,FALSE,FALSE,FALSE
https://prokr.com/saudi/madinah/leaks-plumbing/drain-unclogging,https://prokr.co/madinah/sewage-unblocking,301,FALSE,FALSE,FALSE,FALSE
https://prokr.com/pricing/leaks-plumbing/alqunfudhah,https://prokr.co/corporate/acquisition,301,FALSE,FALSE,FALSE,FALSE
https://prokr.com/saudi/madinah/appliances/washing-machines,https://prokr.co/madinah,301,FALSE,FALSE,FALSE,FALSE
https://prokr.com/faq/electricity/buraydah,https://prokr.co/buraidah,301,FALSE,FALSE,FALSE,FALSE
https://prokr.com/deals/cleaning/wadi-ad-dawasir,https://prokr.co/corporate/acquisition,301,FALSE,FALSE,FALSE,FALSE
https://prokr.com/faq/electricity/jubail,https://prokr.co/jubail,301,FALSE,FALSE,FALSE,FALSE
https://prokr.com/saudi/al-lith/leaks-plumbing,https://prokr.co/corporate/acquisition,301,FALSE,FALSE,FALSE,FALSE
https://prokr.com/saudi/dammam/cleaning/carpet-rug,https://prokr.co/dammam/carpet-cleaning,301,FALSE,FALSE,FALSE,FALSE
https://prokr.com/saudi/riyadh/pest-control/rodents,https://prokr.co/riyadh/rodent-control,301,FALSE,FALSE,FALSE,FALSE
https://prokr.com/saudi/makkah/pest-control/bed-bugs,https://prokr.co/makkah/bedbugs-control,301,FALSE,FALSE,FALSE,FALSE
https://prokr.com/deals/cleaning/hail,https://prokr.co/hail/cleaning,301,FALSE,FALSE,FALSE,FALSE
https://prokr.com/saudi/dammam/pest-control/rodents,https://prokr.co/dammam/rodent-control,301,FALSE,FALSE,FALSE,FALSE
https://prokr.com/saudi/dammam/carpentry/doors-windows,https://prokr.co/dammam,301,FALSE,FALSE,FALSE,FALSE
https://prokr.com/pricing/pest-control/safwa,https://prokr.co/corporate/acquisition,301,FALSE,FALSE,FALSE,FALSE
https://prokr.com/services/moving/moving-boxes,https://prokr.co/services-page,301,FALSE,FALSE,FALSE,FALSE
https://prokr.com/faq/ac/alqunfudhah,https://prokr.co/corporate/acquisition,301,FALSE,FALSE,FALSE,FALSE
https://prokr.com/pricing/carpentry/buraydah,https://prokr.co/buraidah,301,FALSE,FALSE,FALSE,FALSE
https://prokr.com/saudi/taif,https://prokr.co/taif,301,FALSE,FALSE,FALSE,FALSE
https://prokr.com/faq/carpentry/ras-tanura,https://prokr.co/ras-tanura,301,FALSE,FALSE,FALSE,FALSE
https://prokr.com/saudi/jeddah/ac/maintenance-repair,https://prokr.co/jeddah/ac-maintenance,301,FALSE,FALSE,FALSE,FALSE
https://prokr.com/pricing/pest-control/jubail,https://prokr.co/jubail/pest-control,301,FALSE,FALSE,FALSE,FALSE
https://prokr.com/saudi/madinah/pest-control/bed-bugs,https://prokr.co/madinah/bedbugs-control,301,FALSE,FALSE,FALSE,FALSE
https://prokr.com/pricing/pest-control/bisha,https://prokr.co/corporate/acquisition,301,FALSE,FALSE,FALSE,FALSE
https://prokr.com/deals/carpentry/ras-tanura,https://prokr.co/ras-tanura,301,FALSE,FALSE,FALSE,FALSE
https://prokr.com/saudi/jeddah/painting-gypsum/interior-painting,https://prokr.co/jeddah,301,FALSE,FALSE,FALSE,FALSE
https://prokr.com/deals/electricity/bisha,https://prokr.co/corporate/acquisition,301,FALSE,FALSE,FALSE,FALSE
https://prokr.com/pricing/pest-control/jazan,https://prokr.co/jazan/pest-control,301,FALSE,FALSE,FALSE,FALSE
https://prokr.com/pricing/appliances/makkah,https://prokr.co/makkah,301,FALSE,FALSE,FALSE,FALSE
https://prokr.com/pricing/cleaning/dammam,https://prokr.co/dammam/cleaning,301,FALSE,FALSE,FALSE,FALSE
https://prokr.com/saudi/sakaka/pest-control,https://prokr.co/corporate/acquisition,301,FALSE,FALSE,FALSE,FALSE
https://prokr.com/emergency/leaks-plumbing/buraydah,https://prokr.co/buraidah/water-leak-detection,301,FALSE,FALSE,FALSE,FALSE
https://prokr.com/pricing/pest-control/ras-tanura,https://prokr.co/ras-tanura/pest-control,301,FALSE,FALSE,FALSE,FALSE
https://prokr.com/saudi/umluj/moving,https://prokr.co/corporate/acquisition,301,FALSE,FALSE,FALSE,FALSE
https://prokr.com/saudi/dammam/landscaping/palm-trees,https://prokr.co/dammam/landscaping,301,FALSE,FALSE,FALSE,FALSE
https://prokr.com/saudi/dammam/appliances/refrigerators,https://prokr.co/dammam,301,FALSE,FALSE,FALSE,FALSE
https://prokr.com/blog/home-electrical-safety-saudi,https://prokr.co/blog,301,FALSE,FALSE,FALSE,FALSE
https://prokr.com/faq/cleaning/duba,https://prokr.co/corporate/acquisition,301,FALSE,FALSE,FALSE,FALSE
https://prokr.com/faq/carpentry/dammam,https://prokr.co/dammam,301,FALSE,FALSE,FALSE,FALSE
https://prokr.com/deals/car-towing/jeddah,https://prokr.co/jeddah,301,FALSE,FALSE,FALSE,FALSE
https://prokr.com/deals/moving/makkah,https://prokr.co/makkah/furniture-moving,301,FALSE,FALSE,FALSE,FALSE
https://prokr.com/deals/ac/duba,https://prokr.co/corporate/acquisition,301,FALSE,FALSE,FALSE,FALSE
https://prokr.com/saudi/khamis-mushait/moving,https://prokr.co/khamis-mushait/furniture-moving,301,FALSE,FALSE,FALSE,FALSE
https://prokr.com/faq/aluminum-glass/makkah,https://prokr.co/makkah,301,FALSE,FALSE,FALSE,FALSE
https://prokr.com/deals/ac/makkah,https://prokr.co/makkah/air-conditioner-cleaning,301,FALSE,FALSE,FALSE,FALSE
https://prokr.com/pricing/cleaning/al-majmah,https://prokr.co/majmaah/cleaning,301,FALSE,FALSE,FALSE,FALSE
https://prokr.com/saudi/jeddah/flooring/marble-granite,https://prokr.co/jeddah,301,FALSE,FALSE,FALSE,FALSE
https://prokr.com/saudi/jubail/cleaning,https://prokr.co/jubail/cleaning,301,FALSE,FALSE,FALSE,FALSE
https://prokr.com/saudi/al-ahsa/carpentry,https://prokr.co/al-ahsa,301,FALSE,FALSE,FALSE,FALSE
https://prokr.com/saudi/dammam/aluminum-glass,https://prokr.co/dammam,301,FALSE,FALSE,FALSE,FALSE
https://prokr.com/saudi/dhahran/ac,https://prokr.co/dhahran/air-conditioner-cleaning,301,FALSE,FALSE,FALSE,FALSE
https://prokr.com/services/painting-gypsum,https://prokr.co/services-page,301,FALSE,FALSE,FALSE,FALSE
https://prokr.com/saudi/jeddah/cleaning/marble-polishing,https://prokr.co/jeddah/marble-polishing,301,FALSE,FALSE,FALSE,FALSE
https://prokr.com/saudi/al-bahah/pest-control,https://prokr.co/al-baha/pest-control,301,FALSE,FALSE,FALSE,FALSE
https://prokr.com/deals/cleaning/makkah,https://prokr.co/makkah/cleaning,301,FALSE,FALSE,FALSE,FALSE
https://prokr.com/faq/ac/khamis-mushait,https://prokr.co/khamis-mushait/air-conditioner-cleaning,301,FALSE,FALSE,FALSE,FALSE
https://prokr.com/emergency/moving/taif,https://prokr.co/taif/furniture-moving,301,FALSE,FALSE,FALSE,FALSE
https://prokr.com/saudi/abha/electricity,https://prokr.co/abha,301,FALSE,FALSE,FALSE,FALSE
https://prokr.com/emergency/ac/sakaka,https://prokr.co/corporate/acquisition,301,FALSE,FALSE,FALSE,FALSE
https://prokr.com/faq/moving/madinah,https://prokr.co/madinah/furniture-moving,301,FALSE,FALSE,FALSE,FALSE
https://prokr.com/pricing/aluminum-glass/riyadh,https://prokr.co/riyadh,301,FALSE,FALSE,FALSE,FALSE
https://prokr.com/saudi/najran/moving,https://prokr.co/najran/furniture-moving,301,FALSE,FALSE,FALSE,FALSE
https://prokr.com/saudi/abha/leaks-plumbing,https://prokr.co/abha/water-leak-detection,301,FALSE,FALSE,FALSE,FALSE
https://prokr.com/saudi/riyadh/cleaning/deep-cleaning,https://prokr.co/riyadh/deep-cleaning,301,FALSE,FALSE,FALSE,FALSE
https://prokr.com/pricing/car-towing/riyadh,https://prokr.co/riyadh,301,FALSE,FALSE,FALSE,FALSE
https://prokr.com/emergency/ac/madinah,https://prokr.co/madinah/air-conditioner-cleaning,301,FALSE,FALSE,FALSE,FALSE
https://prokr.com/pricing/ac/sakaka,https://prokr.co/corporate/acquisition,301,FALSE,FALSE,FALSE,FALSE
https://prokr.com/saudi/riyadh/painting-gypsum/interior-painting,https://prokr.co/riyadh,301,FALSE,FALSE,FALSE,FALSE
https://prokr.com/pricing/moving/jubail,https://prokr.co/jubail/furniture-moving,301,FALSE,FALSE,FALSE,FALSE
https://prokr.com/emergency/pest-control/al-lith,https://prokr.co/corporate/acquisition,301,FALSE,FALSE,FALSE,FALSE
https://prokr.com/faq/landscaping/dammam,https://prokr.co/dammam/landscaping,301,FALSE,FALSE,FALSE,FALSE
https://prokr.com/pricing/pest-control/qatif,https://prokr.co/qatif/pest-control,301,FALSE,FALSE,FALSE,FALSE
https://prokr.com/saudi/makkah/aluminum-glass/aluminum-windows-doors,https://prokr.co/makkah,301,FALSE,FALSE,FALSE,FALSE
https://prokr.com/saudi/riyadh/carpentry/furniture-repair,https://prokr.co/riyadh,301,FALSE,FALSE,FALSE,FALSE
https://prokr.com/saudi/duba/pest-control,https://prokr.co/corporate/acquisition,301,FALSE,FALSE,FALSE,FALSE
https://prokr.com/saudi/madinah/pest-control,https://prokr.co/madinah/pest-control,301,FALSE,FALSE,FALSE,FALSE
https://prokr.com/saudi/madinah/car-towing/luxury-car-transport,https://prokr.co/madinah,301,FALSE,FALSE,FALSE,FALSE
https://prokr.com/saudi/muhayil/pest-control,https://prokr.co/corporate/acquisition,301,FALSE,FALSE,FALSE,FALSE
https://prokr.com/pricing/ac/ras-tanura,https://prokr.co/ras-tanura/air-conditioner-cleaning,301,FALSE,FALSE,FALSE,FALSE
https://prokr.com/pricing/leaks-plumbing/al-lith,https://prokr.co/corporate/acquisition,301,FALSE,FALSE,FALSE,FALSE
https://prokr.com/deals/ac/hafr-al-batin,https://prokr.co/hafr-albatin/air-conditioner-cleaning,301,FALSE,FALSE,FALSE,FALSE
https://prokr.com/faq/cleaning/abha,https://prokr.co/abha/cleaning,301,FALSE,FALSE,FALSE,FALSE
https://prokr.com/deals/moving/ras-tanura,https://prokr.co/ras-tanura/furniture-moving,301,FALSE,FALSE,FALSE,FALSE
https://prokr.com/faq/ac/dhahran,https://prokr.co/dhahran/air-conditioner-cleaning,301,FALSE,FALSE,FALSE,FALSE
https://prokr.com/faq/ac/dammam,https://prokr.co/dammam/air-conditioner-cleaning,301,FALSE,FALSE,FALSE,FALSE
https://prokr.com/faq/cleaning/arar,https://prokr.co/corporate/acquisition,301,FALSE,FALSE,FALSE,FALSE
https://prokr.com/faq/electricity/wadi-ad-dawasir,https://prokr.co/corporate/acquisition,301,FALSE,FALSE,FALSE,FALSE
https://prokr.com/pricing/painting-gypsum/al-ahsa,https://prokr.co/al-ahsa,301,FALSE,FALSE,FALSE,FALSE
https://prokr.com/pricing/moving/wadi-ad-dawasir,https://prokr.co/corporate/acquisition,301,FALSE,FALSE,FALSE,FALSE
https://prokr.com/saudi/jeddah/moving/city-to-city,https://prokr.co/jeddah/intercity-moving,301,FALSE,FALSE,FALSE,FALSE
https://prokr.com/faq/moving/tayma,https://prokr.co/corporate/acquisition,301,FALSE,FALSE,FALSE,FALSE
https://prokr.com/faq/leaks-plumbing/onaizah,https://prokr.co/onizah/water-leak-detection,301,FALSE,FALSE,FALSE,FALSE
https://prokr.com/saudi/madinah/ac,https://prokr.co/madinah/air-conditioner-cleaning,301,FALSE,FALSE,FALSE,FALSE
https://prokr.com/faq/moving/tabuk,https://prokr.co/tabuk/furniture-moving,301,FALSE,FALSE,FALSE,FALSE
https://prokr.com/pricing/pest-control/yanbu,https://prokr.co/yanbu/pest-control,301,FALSE,FALSE,FALSE,FALSE
https://prokr.com/emergency/leaks-plumbing/sakaka,https://prokr.co/corporate/acquisition,301,FALSE,FALSE,FALSE,FALSE
https://prokr.com/faq/carpentry/tayma,https://prokr.co/corporate/acquisition,301,FALSE,FALSE,FALSE,FALSE
https://prokr.com/faq/carpentry/tabuk,https://prokr.co/tabuk,301,FALSE,FALSE,FALSE,FALSE
https://prokr.com/saudi/riyadh,https://prokr.co/riyadh,301,FALSE,FALSE,FALSE,FALSE
https://prokr.com/saudi/onaizah/pest-control,https://prokr.co/onizah/pest-control,301,FALSE,FALSE,FALSE,FALSE
https://prokr.com/saudi/dammam/cleaning/sofa-curtains,https://prokr.co/dammam/sofa-cleaning,301,FALSE,FALSE,FALSE,FALSE
https://prokr.com/faq/carpentry/safwa,https://prokr.co/corporate/acquisition,301,FALSE,FALSE,FALSE,FALSE
https://prokr.com/emergency/leaks-plumbing/tayma,https://prokr.co/corporate/acquisition,301,FALSE,FALSE,FALSE,FALSE
https://prokr.com/faq/carpentry/qatif,https://prokr.co/qatif,301,FALSE,FALSE,FALSE,FALSE
https://prokr.com/saudi/makkah/cleaning/deep-cleaning,https://prokr.co/makkah/deep-cleaning,301,FALSE,FALSE,FALSE,FALSE
https://prokr.com/emergency/leaks-plumbing/tabuk,https://prokr.co/tabuk/water-leak-detection,301,FALSE,FALSE,FALSE,FALSE
https://prokr.com/deals/ac/hail,https://prokr.co/hail/air-conditioner-cleaning,301,FALSE,FALSE,FALSE,FALSE
https://prokr.com/emergency/leaks-plumbing/jazan,https://prokr.co/jazan/water-leak-detection,301,FALSE,FALSE,FALSE,FALSE
https://prokr.com/saudi/wadi-ad-dawasir/cleaning,https://prokr.co/corporate/acquisition,301,FALSE,FALSE,FALSE,FALSE
https://prokr.com/pricing/electricity/abha,https://prokr.co/abha,301,FALSE,FALSE,FALSE,FALSE
https://prokr.com/services/moving/villa-moving,https://prokr.co/services-page,301,FALSE,FALSE,FALSE,FALSE
https://prokr.com/saudi/dammam/cleaning,https://prokr.co/dammam/cleaning,301,FALSE,FALSE,FALSE,FALSE
https://prokr.com/saudi/jazan/pest-control,https://prokr.co/jazan/pest-control,301,FALSE,FALSE,FALSE,FALSE
https://prokr.com/emergency/leaks-plumbing/bisha,https://prokr.co/corporate/acquisition,301,FALSE,FALSE,FALSE,FALSE
https://prokr.com/pricing/electricity/arar,https://prokr.co/corporate/acquisition,301,FALSE,FALSE,FALSE,FALSE
https://prokr.com/deals/electricity/taif,https://prokr.co/taif,301,FALSE,FALSE,FALSE,FALSE
https://prokr.com/faq/leaks-plumbing/al-majmah,https://prokr.co/majmaah/water-leak-detection,301,FALSE,FALSE,FALSE,FALSE
https://prokr.com/saudi/al-lith/moving,https://prokr.co/corporate/acquisition,301,FALSE,FALSE,FALSE,FALSE
https://prokr.com/pricing/electricity/jeddah,https://prokr.co/jeddah,301,FALSE,FALSE,FALSE,FALSE
https://prokr.com/saudi/riyadh/cleaning/sanitization,https://prokr.co/riyadh/sanitization,301,FALSE,FALSE,FALSE,FALSE
https://prokr.com/faq/moving/jazan,https://prokr.co/jazan/furniture-moving,301,FALSE,FALSE,FALSE,FALSE
https://prokr.com/faq/pest-control/al-majmah,https://prokr.co/majmaah/pest-control,301,FALSE,FALSE,FALSE,FALSE
https://prokr.com/saudi/riyadh/carpentry,https://prokr.co/riyadh,301,FALSE,FALSE,FALSE,FALSE
https://prokr.com/faq/moving/bisha,https://prokr.co/corporate/acquisition,301,FALSE,FALSE,FALSE,FALSE
https://prokr.com/faq/carpentry/khamis-mushait,https://prokr.co/khamis-mushait,301,FALSE,FALSE,FALSE,FALSE
https://prokr.com/emergency/leaks-plumbing/safwa,https://prokr.co/corporate/acquisition,301,FALSE,FALSE,FALSE,FALSE
https://prokr.com/saudi/dammam/painting-gypsum/wallpaper,https://prokr.co/dammam,301,FALSE,FALSE,FALSE,FALSE
https://prokr.com/emergency/pest-control/jubail,https://prokr.co/jubail/pest-control,301,FALSE,FALSE,FALSE,FALSE
https://prokr.com/saudi/dhahran/pest-control,https://prokr.co/dhahran/pest-control,301,FALSE,FALSE,FALSE,FALSE
https://prokr.com/saudi/taif/moving,https://prokr.co/taif/furniture-moving,301,FALSE,FALSE,FALSE,FALSE
https://prokr.com/pricing/moving/hafr-al-batin,https://prokr.co/hafr-albatin/furniture-moving,301,FALSE,FALSE,FALSE,FALSE
https://prokr.com/faq/cleaning/onaizah,https://prokr.co/onizah/cleaning,301,FALSE,FALSE,FALSE,FALSE
https://prokr.com/faq/moving/makkah,https://prokr.co/makkah/furniture-moving,301,FALSE,FALSE,FALSE,FALSE
https://prokr.com/faq/moving/safwa,https://prokr.co/corporate/acquisition,301,FALSE,FALSE,FALSE,FALSE
https://prokr.com/pricing/painting-gypsum/al-lith,https://prokr.co/corporate/acquisition,301,FALSE,FALSE,FALSE,FALSE
https://prokr.com/faq/cleaning/al-bahah,https://prokr.co/al-baha/cleaning,301,FALSE,FALSE,FALSE,FALSE
https://prokr.com/deals/carpentry/riyadh,https://prokr.co/riyadh,301,FALSE,FALSE,FALSE,FALSE
https://prokr.com/pricing/electricity/bisha,https://prokr.co/corporate/acquisition,301,FALSE,FALSE,FALSE,FALSE
https://prokr.com/deals/leaks-plumbing/az-zulfi,https://prokr.co/corporate/acquisition,301,FALSE,FALSE,FALSE,FALSE
https://prokr.com/deals/electricity/duba,https://prokr.co/corporate/acquisition,301,FALSE,FALSE,FALSE,FALSE
https://prokr.com/deals/appliances/makkah,https://prokr.co/makkah,301,FALSE,FALSE,FALSE,FALSE
https://prokr.com/deals/painting-gypsum/al-bahah,https://prokr.co/al-baha,301,FALSE,FALSE,FALSE,FALSE
https://prokr.com/faq/ac/al-ahsa,https://prokr.co/al-ahsa/air-conditioner-cleaning,301,FALSE,FALSE,FALSE,FALSE
https://prokr.com/saudi/hafr-al-batin/ac,https://prokr.co/hafr-albatin/air-conditioner-cleaning,301,FALSE,FALSE,FALSE,FALSE
https://prokr.com/saudi/madinah/flooring,https://prokr.co/madinah,301,FALSE,FALSE,FALSE,FALSE
https://prokr.com/saudi/dammam/moving/storage,https://prokr.co/dammam/furniture-storage,301,FALSE,FALSE,FALSE,FALSE
https://prokr.com/faq/flooring/makkah,https://prokr.co/makkah,301,FALSE,FALSE,FALSE,FALSE
https://prokr.com/pricing,https://prokr.co/corporate/acquisition,301,FALSE,FALSE,FALSE,FALSE
https://prokr.com/saudi/dammam/leaks-plumbing/drain-unclogging,https://prokr.co/dammam/sewage-unblocking,301,FALSE,FALSE,FALSE,FALSE
https://prokr.com/faq/pest-control/az-zulfi,https://prokr.co/corporate/acquisition,301,FALSE,FALSE,FALSE,FALSE
https://prokr.com/deals/cleaning/abha,https://prokr.co/abha/cleaning,301,FALSE,FALSE,FALSE,FALSE
https://prokr.com/deals/carpentry/al-bahah,https://prokr.co/al-baha,301,FALSE,FALSE,FALSE,FALSE
https://prokr.com/deals/cleaning/arar,https://prokr.co/corporate/acquisition,301,FALSE,FALSE,FALSE,FALSE
https://prokr.com/faq/carpentry/umluj,https://prokr.co/corporate/acquisition,301,FALSE,FALSE,FALSE,FALSE
https://prokr.com/saudi/dammam/insulation-roofs,https://prokr.co/dammam/roof-insulation,301,FALSE,FALSE,FALSE,FALSE
https://prokr.com/saudi/makkah/ac/unit-relocation,https://prokr.co/makkah/ac-maintenance,301,FALSE,FALSE,FALSE,FALSE
https://prokr.com/saudi/tabuk/electricity,https://prokr.co/tabuk,301,FALSE,FALSE,FALSE,FALSE
https://prokr.com/saudi/khamis-mushait/cleaning,https://prokr.co/khamis-mushait/cleaning,301,FALSE,FALSE,FALSE,FALSE
https://prokr.com/pricing/moving/al-majmah,https://prokr.co/majmaah/furniture-moving,301,FALSE,FALSE,FALSE,FALSE
https://prokr.com/faq/painting-gypsum/riyadh,https://prokr.co/riyadh,301,FALSE,FALSE,FALSE,FALSE
https://prokr.com/saudi/jeddah/flooring/grinding-polishing,https://prokr.co/jeddah,301,FALSE,FALSE,FALSE,FALSE
https://prokr.com/saudi/khobar/electricity,https://prokr.co/al-khobar,301,FALSE,FALSE,FALSE,FALSE
https://prokr.com/deals/cleaning/muhayil,https://prokr.co/corporate/acquisition,301,FALSE,FALSE,FALSE,FALSE
https://prokr.com/faq/leaks-plumbing/jubail,https://prokr.co/jubail/water-leak-detection,301,FALSE,FALSE,FALSE,FALSE
https://prokr.com/services/carpentry,https://prokr.co/services-page,301,FALSE,FALSE,FALSE,FALSE
https://prokr.com/services/flooring/parquet-vinyl,https://prokr.co/services-page,301,FALSE,FALSE,FALSE,FALSE
https://prokr.com/emergency/leaks-plumbing/yanbu,https://prokr.co/yanbu/water-leak-detection,301,FALSE,FALSE,FALSE,FALSE
https://prokr.com/saudi/madinah/insulation-roofs/water-proofing,https://prokr.co/madinah/water-insulation,301,FALSE,FALSE,FALSE,FALSE
https://prokr.com/saudi/makkah/moving/city-to-city,https://prokr.co/makkah/intercity-moving,301,FALSE,FALSE,FALSE,FALSE
https://prokr.com/emergency/leaks-plumbing/al-majmah,https://prokr.co/majmaah/water-leak-detection,301,FALSE,FALSE,FALSE,FALSE
https://prokr.com/faq/moving/yanbu,https://prokr.co/yanbu/furniture-moving,301,FALSE,FALSE,FALSE,FALSE
https://prokr.com/pricing/pest-control/tabuk,https://prokr.co/tabuk/pest-control,301,FALSE,FALSE,FALSE,FALSE
https://prokr.com/pricing/pest-control/tayma,https://prokr.co/corporate/acquisition,301,FALSE,FALSE,FALSE,FALSE
https://prokr.com/saudi/jeddah/insulation-roofs,https://prokr.co/jeddah/roof-insulation,301,FALSE,FALSE,FALSE,FALSE
https://prokr.com/saudi/makkah/ac/maintenance-repair,https://prokr.co/makkah/ac-maintenance,301,FALSE,FALSE,FALSE,FALSE
https://prokr.com/saudi/dammam/landscaping/garden-design,https://prokr.co/dammam/landscaping,301,FALSE,FALSE,FALSE,FALSE
https://prokr.com/deals/carpentry/abha,https://prokr.co/abha,301,FALSE,FALSE,FALSE,FALSE
https://prokr.com/emergency/moving/jubail,https://prokr.co/jubail/furniture-moving,301,FALSE,FALSE,FALSE,FALSE
https://prokr.com/deals/car-towing/riyadh,https://prokr.co/riyadh,301,FALSE,FALSE,FALSE,FALSE
https://prokr.com/deals/painting-gypsum/jubail,https://prokr.co/jubail,301,FALSE,FALSE,FALSE,FALSE
https://prokr.com/deals/carpentry/arar,https://prokr.co/corporate/acquisition,301,FALSE,FALSE,FALSE,FALSE
https://prokr.com/saudi/al-lith/pest-control,https://prokr.co/corporate/acquisition,301,FALSE,FALSE,FALSE,FALSE
https://prokr.com/faq/painting-gypsum/tabuk,https://prokr.co/tabuk,301,FALSE,FALSE,FALSE,FALSE
https://prokr.com/faq/painting-gypsum/tayma,https://prokr.co/corporate/acquisition,301,FALSE,FALSE,FALSE,FALSE
https://prokr.com/pricing/car-towing/jeddah,https://prokr.co/jeddah,301,FALSE,FALSE,FALSE,FALSE
https://prokr.com/saudi/madinah/insulation-roofs/thermal-insulation,https://prokr.co/madinah/thermal-insulation,301,FALSE,FALSE,FALSE,FALSE
https://prokr.com/pricing/car-towing/madinah,https://prokr.co/madinah,301,FALSE,FALSE,FALSE,FALSE
https://prokr.com/emergency/leaks-plumbing/qatif,https://prokr.co/qatif/water-leak-detection,301,FALSE,FALSE,FALSE,FALSE
https://prokr.com/emergency/pest-control/madinah,https://prokr.co/madinah/pest-control,301,FALSE,FALSE,FALSE,FALSE
https://prokr.com/faq/painting-gypsum/qatif,https://prokr.co/qatif,301,FALSE,FALSE,FALSE,FALSE
https://prokr.com/saudi/jeddah/pest-control/bed-bugs,https://prokr.co/jeddah/bedbugs-control,301,FALSE,FALSE,FALSE,FALSE
https://prokr.com/pricing/aluminum-glass/jeddah,https://prokr.co/jeddah,301,FALSE,FALSE,FALSE,FALSE
https://prokr.com/saudi/riyadh/landscaping,https://prokr.co/riyadh/landscaping,301,FALSE,FALSE,FALSE,FALSE
https://prokr.com/faq/moving/qatif,https://prokr.co/qatif/furniture-moving,301,FALSE,FALSE,FALSE,FALSE
https://prokr.com/saudi/riyadh/cleaning/carpet-rug,https://prokr.co/riyadh/carpet-cleaning,301,FALSE,FALSE,FALSE,FALSE
https://prokr.com/faq/painting-gypsum/safwa,https://prokr.co/corporate/acquisition,301,FALSE,FALSE,FALSE,FALSE
https://prokr.com/faq/ac/az-zulfi,https://prokr.co/corporate/acquisition,301,FALSE,FALSE,FALSE,FALSE
https://prokr.com/deals/landscaping/madinah,https://prokr.co/madinah/landscaping,301,FALSE,FALSE,FALSE,FALSE
https://prokr.com/pricing/leaks-plumbing/madinah,https://prokr.co/madinah/water-leak-detection,301,FALSE,FALSE,FALSE,FALSE
https://prokr.com/faq/flooring/madinah,https://prokr.co/madinah,301,FALSE,FALSE,FALSE,FALSE
https://prokr.com/saudi/jeddah/car-towing,https://prokr.co/jeddah,301,FALSE,FALSE,FALSE,FALSE
https://prokr.com/faq/moving/al-lith,https://prokr.co/corporate/acquisition,301,FALSE,FALSE,FALSE,FALSE
https://prokr.com/deals/cleaning/duba,https://prokr.co/corporate/acquisition,301,FALSE,FALSE,FALSE,FALSE
https://prokr.com/saudi/madinah/pest-control/municipality-certificate,https://prokr.co/madinah/pest-control,301,FALSE,FALSE,FALSE,FALSE
https://prokr.com/deals/electricity/dammam,https://prokr.co/dammam,301,FALSE,FALSE,FALSE,FALSE
https://prokr.com/pricing/painting-gypsum/sayhat,https://prokr.co/corporate/acquisition,301,FALSE,FALSE,FALSE,FALSE
https://prokr.com/saudi/taif/pest-control,https://prokr.co/taif/pest-control,301,FALSE,FALSE,FALSE,FALSE
https://prokr.com/saudi/az-zulfi/moving,https://prokr.co/corporate/acquisition,301,FALSE,FALSE,FALSE,FALSE
https://prokr.com/saudi/makkah/pest-control/ants,https://prokr.co/makkah/ants-control,301,FALSE,FALSE,FALSE,FALSE
https://prokr.com/saudi/riyadh/appliances/washing-machines,https://prokr.co/riyadh,301,FALSE,FALSE,FALSE,FALSE
https://prokr.com/emergency/ac/al-lith,https://prokr.co/corporate/acquisition,301,FALSE,FALSE,FALSE,FALSE
https://prokr.com/saudi/dammam/aluminum-glass/aluminum-windows-doors,https://prokr.co/dammam,301,FALSE,FALSE,FALSE,FALSE
https://prokr.com/faq/pest-control/muhayil,https://prokr.co/corporate/acquisition,301,FALSE,FALSE,FALSE,FALSE
https://prokr.com/saudi/jazan/ac,https://prokr.co/jazan/air-conditioner-cleaning,301,FALSE,FALSE,FALSE,FALSE
https://prokr.com/faq/electricity/khamis-mushait,https://prokr.co/khamis-mushait,301,FALSE,FALSE,FALSE,FALSE
https://prokr.com/saudi/al-majmah/carpentry,https://prokr.co/majmaah,301,FALSE,FALSE,FALSE,FALSE
https://prokr.com/emergency/ac/ras-tanura,https://prokr.co/ras-tanura/air-conditioner-cleaning,301,FALSE,FALSE,FALSE,FALSE
https://prokr.com/deals/pest-control/muhayil,https://prokr.co/corporate/acquisition,301,FALSE,FALSE,FALSE,FALSE
https://prokr.com/saudi/muhayil/cleaning,https://prokr.co/corporate/acquisition,301,FALSE,FALSE,FALSE,FALSE
https://prokr.com/pricing/moving/ras-tanura,https://prokr.co/ras-tanura/furniture-moving,301,FALSE,FALSE,FALSE,FALSE
https://prokr.com/saudi/jeddah/appliances,https://prokr.co/jeddah,301,FALSE,FALSE,FALSE,FALSE
https://prokr.com/pricing/ac/al-majmah,https://prokr.co/majmaah/air-conditioner-cleaning,301,FALSE,FALSE,FALSE,FALSE
https://prokr.com/faq/cleaning/hail,https://prokr.co/hail/cleaning,301,FALSE,FALSE,FALSE,FALSE
https://prokr.com/saudi/makkah/carpentry/kitchen-cabinets,https://prokr.co/makkah,301,FALSE,FALSE,FALSE,FALSE
https://prokr.com/saudi/hafr-al-batin/pest-control,https://prokr.co/hafr-albatin/pest-control,301,FALSE,FALSE,FALSE,FALSE
https://prokr.com/saudi/dammam/electricity/cctv-systems,https://prokr.co/dammam,301,FALSE,FALSE,FALSE,FALSE
https://prokr.com/deals/leaks-plumbing/al-lith,https://prokr.co/corporate/acquisition,301,FALSE,FALSE,FALSE,FALSE
https://prokr.com/faq/painting-gypsum/arar,https://prokr.co/corporate/acquisition,301,FALSE,FALSE,FALSE,FALSE
https://prokr.com/faq/cleaning/khobar,https://prokr.co/al-khobar/cleaning,301,FALSE,FALSE,FALSE,FALSE
https://prokr.com/faq/painting-gypsum/abha,https://prokr.co/abha,301,FALSE,FALSE,FALSE,FALSE
https://prokr.com/deals/cleaning/al-majmah,https://prokr.co/majmaah/cleaning,301,FALSE,FALSE,FALSE,FALSE
https://prokr.com/deals/carpentry/alqunfudhah,https://prokr.co/corporate/acquisition,301,FALSE,FALSE,FALSE,FALSE
https://prokr.com/deals/ac/safwa,https://prokr.co/corporate/acquisition,301,FALSE,FALSE,FALSE,FALSE
https://prokr.com/services/cleaning/facade-cleaning,https://prokr.co/services-page,301,FALSE,FALSE,FALSE,FALSE
https://prokr.com/saudi/riyadh/ac/freon-refill,https://prokr.co/riyadh/ac-maintenance,301,FALSE,FALSE,FALSE,FALSE
https://prokr.com/saudi,https://prokr.co/locations,301,FALSE,FALSE,FALSE,FALSE
https://prokr.com/saudi/riyadh/moving/city-to-city,https://prokr.co/riyadh/intercity-moving,301,FALSE,FALSE,FALSE,FALSE
https://prokr.com/saudi/khobar/pest-control,https://prokr.co/al-khobar/pest-control,301,FALSE,FALSE,FALSE,FALSE
https://prokr.com/saudi/madinah/pest-control/rodents,https://prokr.co/madinah/rodent-control,301,FALSE,FALSE,FALSE,FALSE
https://prokr.com/faq/carpentry/jeddah,https://prokr.co/jeddah,301,FALSE,FALSE,FALSE,FALSE
https://prokr.com/saudi/dammam/leaks-plumbing/pumps-valves,https://prokr.co/dammam/plumbing,301,FALSE,FALSE,FALSE,FALSE
https://prokr.com/deals/pest-control/alqunfudhah,https://prokr.co/corporate/acquisition,301,FALSE,FALSE,FALSE,FALSE
https://prokr.com/emergency/leaks-plumbing/onaizah,https://prokr.co/onizah/water-leak-detection,301,FALSE,FALSE,FALSE,FALSE
https://prokr.com/pricing/painting-gypsum/muhayil,https://prokr.co/corporate/acquisition,301,FALSE,FALSE,FALSE,FALSE
https://prokr.com/saudi/yanbu/cleaning,https://prokr.co/yanbu/cleaning,301,FALSE,FALSE,FALSE,FALSE
https://prokr.com/saudi/makkah/cleaning/carpet-rug,https://prokr.co/makkah/carpet-cleaning,301,FALSE,FALSE,FALSE,FALSE
https://prokr.com/pricing/landscaping/madinah,https://prokr.co/madinah/landscaping,301,FALSE,FALSE,FALSE,FALSE
https://prokr.com/pricing/cleaning/khamis-mushait,https://prokr.co/khamis-mushait/cleaning,301,FALSE,FALSE,FALSE,FALSE
https://prokr.com/deals/leaks-plumbing/najran,https://prokr.co/najran/water-leak-detection,301,FALSE,FALSE,FALSE,FALSE
https://prokr.com/saudi/madinah/moving/insurance-warranty,https://prokr.co/madinah/furniture-moving,301,FALSE,FALSE,FALSE,FALSE
https://prokr.com/pricing/moving/hail,https://prokr.co/hail/furniture-moving,301,FALSE,FALSE,FALSE,FALSE
https://prokr.com/deals/moving/wadi-ad-dawasir,https://prokr.co/corporate/acquisition,301,FALSE,FALSE,FALSE,FALSE
https://prokr.com/deals/ac/bisha,https://prokr.co/corporate/acquisition,301,FALSE,FALSE,FALSE,FALSE
https://prokr.com/deals/painting-gypsum/abha,https://prokr.co/abha,301,FALSE,FALSE,FALSE,FALSE
https://prokr.com/deals/ac/jazan,https://prokr.co/jazan/air-conditioner-cleaning,301,FALSE,FALSE,FALSE,FALSE
https://prokr.com/pricing/electricity/yanbu,https://prokr.co/yanbu,301,FALSE,FALSE,FALSE,FALSE
https://prokr.com/emergency/moving/buraydah,https://prokr.co/buraidah/furniture-moving,301,FALSE,FALSE,FALSE,FALSE
https://prokr.com/deals/painting-gypsum/arar,https://prokr.co/corporate/acquisition,301,FALSE,FALSE,FALSE,FALSE
https://prokr.com/deals/cleaning/al-ahsa,https://prokr.co/al-ahsa/cleaning,301,FALSE,FALSE,FALSE,FALSE
https://prokr.com/emergency/pest-control/tayma,https://prokr.co/corporate/acquisition,301,FALSE,FALSE,FALSE,FALSE
https://prokr.com/saudi/dammam/moving/office-moving,https://prokr.co/dammam/furniture-moving,301,FALSE,FALSE,FALSE,FALSE
https://prokr.com/saudi/rabigh/pest-control,https://prokr.co/rabigh/pest-control,301,FALSE,FALSE,FALSE,FALSE
https://prokr.com/emergency/pest-control/tabuk,https://prokr.co/tabuk/pest-control,301,FALSE,FALSE,FALSE,FALSE
https://prokr.com/saudi/taif/leaks-plumbing,https://prokr.co/taif/water-leak-detection,301,FALSE,FALSE,FALSE,FALSE
https://prokr.com/saudi/riyadh/moving/office-moving,https://prokr.co/riyadh/furniture-moving,301,FALSE,FALSE,FALSE,FALSE
https://prokr.com/services/leaks-plumbing/pipe-repair,https://prokr.co/services-page,301,FALSE,FALSE,FALSE,FALSE
https://prokr.com/deals/pest-control/qatif,https://prokr.co/qatif/pest-control,301,FALSE,FALSE,FALSE,FALSE
https://prokr.com/saudi/dammam/moving/disassembly-assembly,https://prokr.co/dammam/furniture-moving,301,FALSE,FALSE,FALSE,FALSE
https://prokr.com/saudi/ras-tanura/moving,https://prokr.co/ras-tanura/furniture-moving,301,FALSE,FALSE,FALSE,FALSE
https://prokr.com/deals/pest-control/hail,https://prokr.co/hail/pest-control,301,FALSE,FALSE,FALSE,FALSE
https://prokr.com/pricing/pest-control/arar,https://prokr.co/corporate/acquisition,301,FALSE,FALSE,FALSE,FALSE
https://prokr.com/faq/cleaning/riyadh,https://prokr.co/riyadh/cleaning,301,FALSE,FALSE,FALSE,FALSE
https://prokr.com/services/painting-gypsum/gypsum-board,https://prokr.co/services-page,301,FALSE,FALSE,FALSE,FALSE
https://prokr.com/pricing/pest-control/abha,https://prokr.co/abha/pest-control,301,FALSE,FALSE,FALSE,FALSE
https://prokr.com/deals/pest-control/al-ahsa,https://prokr.co/al-ahsa/pest-control,301,FALSE,FALSE,FALSE,FALSE
https://prokr.com/faq/landscaping/madinah,https://prokr.co/madinah/landscaping,301,FALSE,FALSE,FALSE,FALSE
https://prokr.com/saudi/alqunfudhah/carpentry,https://prokr.co/corporate/acquisition,301,FALSE,FALSE,FALSE,FALSE
https://prokr.com/pricing/cleaning/al-lith,https://prokr.co/corporate/acquisition,301,FALSE,FALSE,FALSE,FALSE
https://prokr.com/saudi/jeddah/electricity/wiring-lighting,https://prokr.co/jeddah,301,FALSE,FALSE,FALSE,FALSE
https://prokr.com/saudi/madinah/appliances/dryers,https://prokr.co/madinah,301,FALSE,FALSE,FALSE,FALSE
https://prokr.com/deals/pest-control/yanbu,https://prokr.co/yanbu/pest-control,301,FALSE,FALSE,FALSE,FALSE
https://prokr.com/faq/pest-control/al-ahsa,https://prokr.co/al-ahsa/pest-control,301,FALSE,FALSE,FALSE,FALSE
https://prokr.com/faq/leaks-plumbing/sakaka,https://prokr.co/corporate/acquisition,301,FALSE,FALSE,FALSE,FALSE
https://prokr.com/deals/insulation-roofs/dammam,https://prokr.co/dammam/roof-insulation,301,FALSE,FALSE,FALSE,FALSE
https://prokr.com/faq/cleaning/sayhat,https://prokr.co/corporate/acquisition,301,FALSE,FALSE,FALSE,FALSE
https://prokr.com/saudi/jeddah/cleaning/sanitization,https://prokr.co/jeddah/sanitization,301,FALSE,FALSE,FALSE,FALSE
https://prokr.com/saudi/yanbu/pest-control,https://prokr.co/yanbu/pest-control,301,FALSE,FALSE,FALSE,FALSE
https://prokr.com/saudi/jeddah/landscaping/palm-trees,https://prokr.co/jeddah/landscaping,301,FALSE,FALSE,FALSE,FALSE
https://prokr.com/saudi/riyadh/cleaning/marble-polishing,https://prokr.co/riyadh/marble-polishing,301,FALSE,FALSE,FALSE,FALSE
https://prokr.com/saudi/jeddah/carpentry/doors-windows,https://prokr.co/jeddah,301,FALSE,FALSE,FALSE,FALSE
https://prokr.com/services/ac/split-ac-cleaning,https://prokr.co/services-page,301,FALSE,FALSE,FALSE,FALSE
https://prokr.com/saudi/buraydah/ac,https://prokr.co/buraidah/air-conditioner-cleaning,301,FALSE,FALSE,FALSE,FALSE
https://prokr.com/saudi/madinah/aluminum-glass/shades-curtains,https://prokr.co/madinah,301,FALSE,FALSE,FALSE,FALSE
https://prokr.com/emergency/moving/sakaka,https://prokr.co/corporate/acquisition,301,FALSE,FALSE,FALSE,FALSE
https://prokr.com/saudi/madinah/leaks-plumbing/acoustic-leak-detection,https://prokr.co/madinah/water-leak-detection,301,FALSE,FALSE,FALSE,FALSE
https://prokr.com/saudi/dammam/appliances/dryers,https://prokr.co/dammam,301,FALSE,FALSE,FALSE,FALSE
https://prokr.com/saudi/madinah/electricity/electrical-faults,https://prokr.co/madinah,301,FALSE,FALSE,FALSE,FALSE
https://prokr.com/services/aluminum-glass/shades-curtains,https://prokr.co/services-page,301,FALSE,FALSE,FALSE,FALSE
https://prokr.com/terms,https://prokr.co/terms-of-service,301,FALSE,FALSE,FALSE,FALSE
https://prokr.com/saudi/dammam/ac,https://prokr.co/dammam/air-conditioner-cleaning,301,FALSE,FALSE,FALSE,FALSE
https://prokr.com/faq/carpentry/jazan,https://prokr.co/jazan,301,FALSE,FALSE,FALSE,FALSE
https://prokr.com/deals/moving/alqunfudhah,https://prokr.co/corporate/acquisition,301,FALSE,FALSE,FALSE,FALSE
https://prokr.com/saudi/jubail/ac,https://prokr.co/jubail/air-conditioner-cleaning,301,FALSE,FALSE,FALSE,FALSE
https://prokr.com/saudi/jazan/cleaning,https://prokr.co/jazan/cleaning,301,FALSE,FALSE,FALSE,FALSE
https://prokr.com/pricing/leaks-plumbing/dammam,https://prokr.co/dammam/water-leak-detection,301,FALSE,FALSE,FALSE,FALSE
https://prokr.com/deals/ac/qatif,https://prokr.co/qatif/air-conditioner-cleaning,301,FALSE,FALSE,FALSE,FALSE
https://prokr.com/faq/landscaping/jeddah,https://prokr.co/jeddah/landscaping,301,FALSE,FALSE,FALSE,FALSE
https://prokr.com/deals/flooring/jeddah,https://prokr.co/jeddah,301,FALSE,FALSE,FALSE,FALSE
https://prokr.com/saudi/yanbu/carpentry,https://prokr.co/yanbu,301,FALSE,FALSE,FALSE,FALSE
https://prokr.com/faq/carpentry/arar,https://prokr.co/corporate/acquisition,301,FALSE,FALSE,FALSE,FALSE
https://prokr.com/saudi/makkah/moving,https://prokr.co/makkah/furniture-moving,301,FALSE,FALSE,FALSE,FALSE
https://prokr.com/faq/carpentry/abha,https://prokr.co/abha,301,FALSE,FALSE,FALSE,FALSE
https://prokr.com/saudi/safwa/cleaning,https://prokr.co/corporate/acquisition,301,FALSE,FALSE,FALSE,FALSE
https://prokr.com/saudi/makkah/insulation-roofs/foam-bitumen,https://prokr.co/makkah/foam-insulation,301,FALSE,FALSE,FALSE,FALSE
https://prokr.com/deals/cleaning/najran,https://prokr.co/najran/cleaning,301,FALSE,FALSE,FALSE,FALSE
https://prokr.com/saudi/madinah/landscaping/garden-design,https://prokr.co/madinah/landscaping,301,FALSE,FALSE,FALSE,FALSE
https://prokr.com/pricing/moving/khamis-mushait,https://prokr.co/khamis-mushait/furniture-moving,301,FALSE,FALSE,FALSE,FALSE
https://prokr.com/deals/moving/najran,https://prokr.co/najran/furniture-moving,301,FALSE,FALSE,FALSE,FALSE
https://prokr.com/saudi/dammam/flooring/marble-granite,https://prokr.co/dammam,301,FALSE,FALSE,FALSE,FALSE
https://prokr.com/pricing/carpentry/khobar,https://prokr.co/al-khobar,301,FALSE,FALSE,FALSE,FALSE
https://prokr.com/faq/electricity/sayhat,https://prokr.co/corporate/acquisition,301,FALSE,FALSE,FALSE,FALSE
https://prokr.com/deals/moving/taif,https://prokr.co/taif/furniture-moving,301,FALSE,FALSE,FALSE,FALSE
https://prokr.com/deals/ac/najran,https://prokr.co/najran/air-conditioner-cleaning,301,FALSE,FALSE,FALSE,FALSE
https://prokr.com/emergency/pest-control/ras-tanura,https://prokr.co/ras-tanura/pest-control,301,FALSE,FALSE,FALSE,FALSE
https://prokr.com/pricing/leaks-plumbing/buraydah,https://prokr.co/buraidah/water-leak-detection,301,FALSE,FALSE,FALSE,FALSE
https://prokr.com/saudi/jeddah/leaks-plumbing/thermal-leak-detection,https://prokr.co/jeddah/water-leak-detection,301,FALSE,FALSE,FALSE,FALSE
https://prokr.com/deals/ac/yanbu,https://prokr.co/yanbu/air-conditioner-cleaning,301,FALSE,FALSE,FALSE,FALSE
https://prokr.com/deals/ac/al-majmah,https://prokr.co/majmaah/air-conditioner-cleaning,301,FALSE,FALSE,FALSE,FALSE
https://prokr.com/emergency/pest-control/sakaka,https://prokr.co/corporate/acquisition,301,FALSE,FALSE,FALSE,FALSE
https://prokr.com/saudi/safwa/leaks-plumbing,https://prokr.co/corporate/acquisition,301,FALSE,FALSE,FALSE,FALSE
https://prokr.com/saudi/dammam/electricity/panels-distribution,https://prokr.co/dammam,301,FALSE,FALSE,FALSE,FALSE
https://prokr.com/saudi/makkah/moving/apartment-moving,https://prokr.co/makkah/furniture-moving,301,FALSE,FALSE,FALSE,FALSE
https://prokr.com/deals/carpentry/makkah,https://prokr.co/makkah,301,FALSE,FALSE,FALSE,FALSE
https://prokr.com/saudi/riyadh/pest-control/bed-bugs,https://prokr.co/riyadh/bedbugs-control,301,FALSE,FALSE,FALSE,FALSE
https://prokr.com/deals/pest-control/safwa,https://prokr.co/corporate/acquisition,301,FALSE,FALSE,FALSE,FALSE
https://prokr.com/saudi/alqunfudhah/electricity,https://prokr.co/corporate/acquisition,301,FALSE,FALSE,FALSE,FALSE
https://prokr.com/deals/carpentry/buraydah,https://prokr.co/buraidah,301,FALSE,FALSE,FALSE,FALSE
https://prokr.com/saudi/safwa/carpentry,https://prokr.co/corporate/acquisition,301,FALSE,FALSE,FALSE,FALSE
https://prokr.com/deals/leaks-plumbing/hafr-al-batin,https://prokr.co/hafr-albatin/water-leak-detection,301,FALSE,FALSE,FALSE,FALSE
https://prokr.com/pricing/cleaning/buraydah,https://prokr.co/buraidah/cleaning,301,FALSE,FALSE,FALSE,FALSE
https://prokr.com/faq/pest-control/hafr-al-batin,https://prokr.co/hafr-albatin/pest-control,301,FALSE,FALSE,FALSE,FALSE
https://prokr.com/saudi/jeddah/cleaning/sofa-curtains,https://prokr.co/jeddah/sofa-cleaning,301,FALSE,FALSE,FALSE,FALSE
https://prokr.com/pricing/pest-control/duba,https://prokr.co/corporate/acquisition,301,FALSE,FALSE,FALSE,FALSE
https://prokr.com/deals/pest-control/bisha,https://prokr.co/corporate/acquisition,301,FALSE,FALSE,FALSE,FALSE
https://prokr.com/pricing/painting-gypsum/onaizah,https://prokr.co/onizah,301,FALSE,FALSE,FALSE,FALSE
https://prokr.com/deals/pest-control/jazan,https://prokr.co/jazan/pest-control,301,FALSE,FALSE,FALSE,FALSE
https://prokr.com/faq/insulation-roofs/jeddah,https://prokr.co/jeddah/roof-insulation,301,FALSE,FALSE,FALSE,FALSE
https://prokr.com/faq/painting-gypsum/makkah,https://prokr.co/makkah,301,FALSE,FALSE,FALSE,FALSE
https://prokr.com/faq/ac/muhayil,https://prokr.co/corporate/acquisition,301,FALSE,FALSE,FALSE,FALSE
https://prokr.com/deals/painting-gypsum/buraydah,https://prokr.co/buraidah,301,FALSE,FALSE,FALSE,FALSE
https://prokr.com/blog/complete-guide-moving-furniture-riyadh,https://prokr.co/blog,301,FALSE,FALSE,FALSE,FALSE
https://prokr.com/deals/moving/al-lith,https://prokr.co/corporate/acquisition,301,FALSE,FALSE,FALSE,FALSE
https://prokr.com/saudi/onaizah/leaks-plumbing,https://prokr.co/onizah/water-leak-detection,301,FALSE,FALSE,FALSE,FALSE
https://prokr.com/deals/carpentry/rabigh,https://prokr.co/rabigh,301,FALSE,FALSE,FALSE,FALSE
https://prokr.com/saudi/taif/cleaning,https://prokr.co/taif/cleaning,301,FALSE,FALSE,FALSE,FALSE
https://prokr.com/saudi/safwa/moving,https://prokr.co/corporate/acquisition,301,FALSE,FALSE,FALSE,FALSE
https://prokr.com/saudi/riyadh/insulation-roofs/thermal-insulation,https://prokr.co/riyadh/thermal-insulation,301,FALSE,FALSE,FALSE,FALSE
https://prokr.com/saudi/madinah/cleaning/facade-cleaning,https://prokr.co/madinah/glass-facades-cleaning,301,FALSE,FALSE,FALSE,FALSE
https://prokr.com/faq/cleaning/rabigh,https://prokr.co/rabigh/cleaning,301,FALSE,FALSE,FALSE,FALSE
https://prokr.com/emergency/leaks-plumbing/jubail,https://prokr.co/jubail/water-leak-detection,301,FALSE,FALSE,FALSE,FALSE
https://prokr.com/emergency/ac/hafr-al-batin,https://prokr.co/hafr-albatin/air-conditioner-cleaning,301,FALSE,FALSE,FALSE,FALSE
https://prokr.com/pricing/leaks-plumbing/hafr-al-batin,https://prokr.co/hafr-albatin/water-leak-detection,301,FALSE,FALSE,FALSE,FALSE
https://prokr.com/blog,https://prokr.co/blog,301,FALSE,FALSE,FALSE,FALSE
https://prokr.com/saudi/dammam/cleaning/hourly-cleaning,https://prokr.co/dammam/hourly-cleaning,301,FALSE,FALSE,FALSE,FALSE
https://prokr.com/saudi/dammam/painting-gypsum/interior-painting,https://prokr.co/dammam,301,FALSE,FALSE,FALSE,FALSE
https://prokr.com/saudi/tayma/ac,https://prokr.co/corporate/acquisition,301,FALSE,FALSE,FALSE,FALSE
https://prokr.com/faq/moving/najran,https://prokr.co/najran/furniture-moving,301,FALSE,FALSE,FALSE,FALSE
https://prokr.com/saudi/madinah/electricity/cctv-systems,https://prokr.co/madinah,301,FALSE,FALSE,FALSE,FALSE
https://prokr.com/deals/pest-control/tabuk,https://prokr.co/tabuk/pest-control,301,FALSE,FALSE,FALSE,FALSE
https://prokr.com/pricing/moving/abha,https://prokr.co/abha/furniture-moving,301,FALSE,FALSE,FALSE,FALSE
https://prokr.com/pricing/moving/arar,https://prokr.co/corporate/acquisition,301,FALSE,FALSE,FALSE,FALSE
https://prokr.com/deals/pest-control/tayma,https://prokr.co/corporate/acquisition,301,FALSE,FALSE,FALSE,FALSE
https://prokr.com/saudi/riyadh/ac/maintenance-repair,https://prokr.co/riyadh/ac-maintenance,301,FALSE,FALSE,FALSE,FALSE
https://prokr.com/deals/painting-gypsum/sayhat,https://prokr.co/corporate/acquisition,301,FALSE,FALSE,FALSE,FALSE
https://prokr.com/saudi/dammam/landscaping,https://prokr.co/dammam/landscaping,301,FALSE,FALSE,FALSE,FALSE
https://prokr.com/deals/electricity/yanbu,https://prokr.co/yanbu,301,FALSE,FALSE,FALSE,FALSE
https://prokr.com/services/carpentry/bedrooms,https://prokr.co/services-page,301,FALSE,FALSE,FALSE,FALSE
https://prokr.com/saudi/wadi-ad-dawasir/ac,https://prokr.co/corporate/acquisition,301,FALSE,FALSE,FALSE,FALSE
https://prokr.com/saudi/madinah/moving,https://prokr.co/madinah/furniture-moving,301,FALSE,FALSE,FALSE,FALSE
https://prokr.com/deals/moving/buraydah,https://prokr.co/buraidah/furniture-moving,301,FALSE,FALSE,FALSE,FALSE
https://prokr.com/deals/car-towing/madinah,https://prokr.co/madinah,301,FALSE,FALSE,FALSE,FALSE
https://prokr.com/pricing/cleaning/madinah,https://prokr.co/madinah/cleaning,301,FALSE,FALSE,FALSE,FALSE
https://prokr.com/deals/insulation-roofs/madinah,https://prokr.co/madinah/roof-insulation,301,FALSE,FALSE,FALSE,FALSE
https://prokr.com/faq/painting-gypsum/rabigh,https://prokr.co/rabigh,301,FALSE,FALSE,FALSE,FALSE
https://prokr.com/faq/ac/wadi-ad-dawasir,https://prokr.co/corporate/acquisition,301,FALSE,FALSE,FALSE,FALSE
https://prokr.com/faq/car-towing/dammam,https://prokr.co/dammam,301,FALSE,FALSE,FALSE,FALSE
https://prokr.com/saudi/riyadh/appliances/ovens-stoves,https://prokr.co/riyadh,301,FALSE,FALSE,FALSE,FALSE
https://prokr.com/saudi/jeddah/cleaning/carpet-rug,https://prokr.co/jeddah/carpet-cleaning,301,FALSE,FALSE,FALSE,FALSE
https://prokr.com/saudi/madinah/carpentry/kitchen-cabinets,https://prokr.co/madinah,301,FALSE,FALSE,FALSE,FALSE
https://prokr.com/emergency/ac/jubail,https://prokr.co/jubail/air-conditioner-cleaning,301,FALSE,FALSE,FALSE,FALSE
https://prokr.com/pricing/electricity/dammam,https://prokr.co/dammam,301,FALSE,FALSE,FALSE,FALSE
https://prokr.com/saudi/madinah/pest-control/general-spray,https://prokr.co/madinah/pesticide-spraying,301,FALSE,FALSE,FALSE,FALSE
https://prokr.com/emergency/pest-control/yanbu,https://prokr.co/yanbu/pest-control,301,FALSE,FALSE,FALSE,FALSE
https://prokr.com/pricing/painting-gypsum/jubail,https://prokr.co/jubail,301,FALSE,FALSE,FALSE,FALSE
https://prokr.com/pricing/moving/sakaka,https://prokr.co/corporate/acquisition,301,FALSE,FALSE,FALSE,FALSE
https://prokr.com/faq/cleaning/jeddah,https://prokr.co/jeddah/cleaning,301,FALSE,FALSE,FALSE,FALSE
https://prokr.com/pricing/ac/jubail,https://prokr.co/jubail/air-conditioner-cleaning,301,FALSE,FALSE,FALSE,FALSE
https://prokr.com/saudi/onaizah/moving,https://prokr.co/onizah/furniture-moving,301,FALSE,FALSE,FALSE,FALSE
https://prokr.com/faq/carpentry/hafr-al-batin,https://prokr.co/hafr-albatin,301,FALSE,FALSE,FALSE,FALSE
https://prokr.com/saudi/jeddah/pest-control/general-spray,https://prokr.co/jeddah/pesticide-spraying,301,FALSE,FALSE,FALSE,FALSE
https://prokr.com/deals/pest-control/arar,https://prokr.co/corporate/acquisition,301,FALSE,FALSE,FALSE,FALSE
https://prokr.com/saudi/makkah,https://prokr.co/makkah,301,FALSE,FALSE,FALSE,FALSE
https://prokr.com/deals/pest-control/abha,https://prokr.co/abha/pest-control,301,FALSE,FALSE,FALSE,FALSE
https://prokr.com/saudi/khamis-mushait/leaks-plumbing,https://prokr.co/khamis-mushait/water-leak-detection,301,FALSE,FALSE,FALSE,FALSE
https://prokr.com/services/car-towing/intercity-towing,https://prokr.co/services-page,301,FALSE,FALSE,FALSE,FALSE
https://prokr.com/deals/ac/alqunfudhah,https://prokr.co/corporate/acquisition,301,FALSE,FALSE,FALSE,FALSE
https://prokr.com/emergency/pest-control/qatif,https://prokr.co/qatif/pest-control,301,FALSE,FALSE,FALSE,FALSE
https://prokr.com/pricing/pest-control/hail,https://prokr.co/hail/pest-control,301,FALSE,FALSE,FALSE,FALSE
https://prokr.com/deals/leaks-plumbing/madinah,https://prokr.co/madinah/water-leak-detection,301,FALSE,FALSE,FALSE,FALSE
https://prokr.com/saudi/madinah/cleaning/post-construction,https://prokr.co/madinah/post-construction-cleaning,301,FALSE,FALSE,FALSE,FALSE
https://prokr.com/saudi/khobar/carpentry,https://prokr.co/al-khobar,301,FALSE,FALSE,FALSE,FALSE
https://prokr.com/saudi/hafr-al-batin/leaks-plumbing,https://prokr.co/hafr-albatin/water-leak-detection,301,FALSE,FALSE,FALSE,FALSE
https://prokr.com/saudi/al-lith/carpentry,https://prokr.co/corporate/acquisition,301,FALSE,FALSE,FALSE,FALSE
https://prokr.com/faq/moving/az-zulfi,https://prokr.co/corporate/acquisition,301,FALSE,FALSE,FALSE,FALSE
https://prokr.com/saudi/sakaka/leaks-plumbing,https://prokr.co/corporate/acquisition,301,FALSE,FALSE,FALSE,FALSE
https://prokr.com/saudi/madinah/landscaping/palm-trees,https://prokr.co/madinah/landscaping,301,FALSE,FALSE,FALSE,FALSE
https://prokr.com/saudi/onaizah/painting-gypsum,https://prokr.co/onizah,301,FALSE,FALSE,FALSE,FALSE
https://prokr.com/deals/flooring/riyadh,https://prokr.co/riyadh,301,FALSE,FALSE,FALSE,FALSE
https://prokr.com/pricing/pest-control/sakaka,https://prokr.co/corporate/acquisition,301,FALSE,FALSE,FALSE,FALSE
https://prokr.com/services/aluminum-glass/aluminum-windows-doors,https://prokr.co/services-page,301,FALSE,FALSE,FALSE,FALSE
https://prokr.com/pricing/painting-gypsum/al-majmah,https://prokr.co/majmaah,301,FALSE,FALSE,FALSE,FALSE
https://prokr.com/pricing/carpentry/sakaka,https://prokr.co/corporate/acquisition,301,FALSE,FALSE,FALSE,FALSE
https://prokr.com/deals/electricity/jeddah,https://prokr.co/jeddah,301,FALSE,FALSE,FALSE,FALSE
https://prokr.com/deals/moving/madinah,https://prokr.co/madinah/furniture-moving,301,FALSE,FALSE,FALSE,FALSE
https://prokr.com/saudi/khobar/moving,https://prokr.co/al-khobar/furniture-moving,301,FALSE,FALSE,FALSE,FALSE
https://prokr.com/saudi/makkah/cleaning/sanitization,https://prokr.co/makkah/sanitization,301,FALSE,FALSE,FALSE,FALSE
https://prokr.com/pricing/painting-gypsum/hail,https://prokr.co/hail,301,FALSE,FALSE,FALSE,FALSE
https://prokr.com/faq/electricity/al-bahah,https://prokr.co/al-baha,301,FALSE,FALSE,FALSE,FALSE
https://prokr.com/saudi/dammam/moving/city-to-city,https://prokr.co/dammam/intercity-moving,301,FALSE,FALSE,FALSE,FALSE
https://prokr.com/pricing/leaks-plumbing/umluj,https://prokr.co/corporate/acquisition,301,FALSE,FALSE,FALSE,FALSE
https://prokr.com/emergency/moving/alqunfudhah,https://prokr.co/corporate/acquisition,301,FALSE,FALSE,FALSE,FALSE
https://prokr.com/blog/thermal-insulation-saudi-summer,https://prokr.co/blog,301,FALSE,FALSE,FALSE,FALSE
https://prokr.com/saudi/riyadh/flooring/ceramic-porcelain,https://prokr.co/riyadh,301,FALSE,FALSE,FALSE,FALSE
https://prokr.com/deals/electricity/al-bahah,https://prokr.co/al-baha,301,FALSE,FALSE,FALSE,FALSE
https://prokr.com/deals/cleaning/dhahran,https://prokr.co/dhahran/cleaning,301,FALSE,FALSE,FALSE,FALSE
https://prokr.com/pricing/pest-control/onaizah,https://prokr.co/onizah/pest-control,301,FALSE,FALSE,FALSE,FALSE
https://prokr.com/services/appliances/dryers,https://prokr.co/services-page,301,FALSE,FALSE,FALSE,FALSE
https://prokr.com/services/appliances/ovens-stoves,https://prokr.co/services-page,301,FALSE,FALSE,FALSE,FALSE
https://prokr.com/saudi/hail/carpentry,https://prokr.co/hail,301,FALSE,FALSE,FALSE,FALSE
https://prokr.com/pricing/carpentry/najran,https://prokr.co/najran,301,FALSE,FALSE,FALSE,FALSE
https://prokr.com/pricing/moving/duba,https://prokr.co/corporate/acquisition,301,FALSE,FALSE,FALSE,FALSE
https://prokr.com/saudi/sakaka/carpentry,https://prokr.co/corporate/acquisition,301,FALSE,FALSE,FALSE,FALSE
https://prokr.com/faq/electricity/al-majmah,https://prokr.co/majmaah,301,FALSE,FALSE,FALSE,FALSE
https://prokr.com/faq/painting-gypsum/jazan,https://prokr.co/jazan,301,FALSE,FALSE,FALSE,FALSE
https://prokr.com/deals/pest-control/dhahran,https://prokr.co/dhahran/pest-control,301,FALSE,FALSE,FALSE,FALSE
https://prokr.com/emergency/pest-control/jazan,https://prokr.co/jazan/pest-control,301,FALSE,FALSE,FALSE,FALSE
https://prokr.com/saudi/dammam/moving/furniture-packing,https://prokr.co/dammam/furniture-packaging,301,FALSE,FALSE,FALSE,FALSE
https://prokr.com/services/cleaning/post-construction,https://prokr.co/services-page,301,FALSE,FALSE,FALSE,FALSE
https://prokr.com/deals/pest-control/duba,https://prokr.co/corporate/acquisition,301,FALSE,FALSE,FALSE,FALSE
https://prokr.com/emergency/pest-control/bisha,https://prokr.co/corporate/acquisition,301,FALSE,FALSE,FALSE,FALSE
https://prokr.com/faq/cleaning/hafr-al-batin,https://prokr.co/hafr-albatin/cleaning,301,FALSE,FALSE,FALSE,FALSE
https://prokr.com/deals/ac/tabuk,https://prokr.co/tabuk/air-conditioner-cleaning,301,FALSE,FALSE,FALSE,FALSE
https://prokr.com/saudi/riyadh/pest-control/cockroaches,https://prokr.co/riyadh/cockroach-control,301,FALSE,FALSE,FALSE,FALSE
https://prokr.com/services/leaks-plumbing/acoustic-leak-detection,https://prokr.co/services-page,301,FALSE,FALSE,FALSE,FALSE
https://prokr.com/deals/ac/tayma,https://prokr.co/corporate/acquisition,301,FALSE,FALSE,FALSE,FALSE
https://prokr.com/faq/carpentry/az-zulfi,https://prokr.co/corporate/acquisition,301,FALSE,FALSE,FALSE,FALSE
https://prokr.com/services/cleaning,https://prokr.co/services-page,301,FALSE,FALSE,FALSE,FALSE
https://prokr.com/emergency/pest-control/al-majmah,https://prokr.co/majmaah/pest-control,301,FALSE,FALSE,FALSE,FALSE
https://prokr.com/blog/ac-maintenance-summer-preparation,https://prokr.co/blog,301,FALSE,FALSE,FALSE,FALSE
https://prokr.com/blog/reduce-electricity-bill-summer-saudi,https://prokr.co/blog,301,FALSE,FALSE,FALSE,FALSE
https://prokr.com/emergency/pest-control/az-zulfi,https://prokr.co/corporate/acquisition,301,FALSE,FALSE,FALSE,FALSE
https://prokr.com/emergency/pest-control/safwa,https://prokr.co/corporate/acquisition,301,FALSE,FALSE,FALSE,FALSE
https://prokr.com/saudi/makkah/leaks-plumbing,https://prokr.co/makkah/water-leak-detection,301,FALSE,FALSE,FALSE,FALSE
https://prokr.com/saudi/dammam/pest-control/general-spray,https://prokr.co/dammam/pesticide-spraying,301,FALSE,FALSE,FALSE,FALSE
https://prokr.com/deals/painting-gypsum/hafr-al-batin,https://prokr.co/hafr-albatin,301,FALSE,FALSE,FALSE,FALSE
https://prokr.com/pricing/carpentry/al-bahah,https://prokr.co/al-baha,301,FALSE,FALSE,FALSE,FALSE
https://prokr.com/saudi/madinah/ac/maintenance-repair,https://prokr.co/madinah/ac-maintenance,301,FALSE,FALSE,FALSE,FALSE
https://prokr.com/faq/pest-control/khamis-mushait,https://prokr.co/khamis-mushait/pest-control,301,FALSE,FALSE,FALSE,FALSE
https://prokr.com/saudi/hail/ac,https://prokr.co/hail/air-conditioner-cleaning,301,FALSE,FALSE,FALSE,FALSE
https://prokr.com/saudi/makkah/car-towing/intercity-towing,https://prokr.co/makkah,301,FALSE,FALSE,FALSE,FALSE
https://prokr.com/faq/pest-control/sakaka,https://prokr.co/corporate/acquisition,301,FALSE,FALSE,FALSE,FALSE
https://prokr.com/faq/pest-control/dhahran,https://prokr.co/dhahran/pest-control,301,FALSE,FALSE,FALSE,FALSE
https://prokr.com/pricing/pest-control/buraydah,https://prokr.co/buraidah/pest-control,301,FALSE,FALSE,FALSE,FALSE
https://prokr.com/deals/pest-control/jubail,https://prokr.co/jubail/pest-control,301,FALSE,FALSE,FALSE,FALSE
https://prokr.com/deals/cleaning/buraydah,https://prokr.co/buraidah/cleaning,301,FALSE,FALSE,FALSE,FALSE
https://prokr.com/faq/insulation-roofs/riyadh,https://prokr.co/riyadh/roof-insulation,301,FALSE,FALSE,FALSE,FALSE
https://prokr.com/pricing/cleaning/alqunfudhah,https://prokr.co/corporate/acquisition,301,FALSE,FALSE,FALSE,FALSE
https://prokr.com/saudi/makkah/flooring,https://prokr.co/makkah,301,FALSE,FALSE,FALSE,FALSE
https://prokr.com/pricing/ac/qatif,https://prokr.co/qatif/air-conditioner-cleaning,301,FALSE,FALSE,FALSE,FALSE
https://prokr.com/pricing/electricity/tayma,https://prokr.co/corporate/acquisition,301,FALSE,FALSE,FALSE,FALSE
https://prokr.com/emergency/ac/safwa,https://prokr.co/corporate/acquisition,301,FALSE,FALSE,FALSE,FALSE
https://prokr.com/faq/leaks-plumbing/riyadh,https://prokr.co/riyadh/water-leak-detection,301,FALSE,FALSE,FALSE,FALSE
https://prokr.com/pricing/electricity/tabuk,https://prokr.co/tabuk,301,FALSE,FALSE,FALSE,FALSE
https://prokr.com/faq/pest-control/onaizah,https://prokr.co/onizah/pest-control,301,FALSE,FALSE,FALSE,FALSE
https://prokr.com/saudi/riyadh/aluminum-glass,https://prokr.co/riyadh,301,FALSE,FALSE,FALSE,FALSE
https://prokr.com/emergency/moving/riyadh,https://prokr.co/riyadh/furniture-moving,301,FALSE,FALSE,FALSE,FALSE
https://prokr.com/deals/painting-gypsum/hail,https://prokr.co/hail,301,FALSE,FALSE,FALSE,FALSE
https://prokr.com/saudi/riyadh/flooring/marble-granite,https://prokr.co/riyadh,301,FALSE,FALSE,FALSE,FALSE
https://prokr.com/pricing/electricity/safwa,https://prokr.co/corporate/acquisition,301,FALSE,FALSE,FALSE,FALSE
https://prokr.com/saudi/madinah/carpentry/bedrooms,https://prokr.co/madinah,301,FALSE,FALSE,FALSE,FALSE
https://prokr.com/deals/cleaning/yanbu,https://prokr.co/yanbu/cleaning,301,FALSE,FALSE,FALSE,FALSE
https://prokr.com/saudi/makkah/cleaning/facade-cleaning,https://prokr.co/makkah/glass-facades-cleaning,301,FALSE,FALSE,FALSE,FALSE
https://prokr.com/faq/leaks-plumbing/umluj,https://prokr.co/corporate/acquisition,301,FALSE,FALSE,FALSE,FALSE
https://prokr.com/deals/moving/abha,https://prokr.co/abha/furniture-moving,301,FALSE,FALSE,FALSE,FALSE
https://prokr.com/pricing/electricity/qatif,https://prokr.co/qatif,301,FALSE,FALSE,FALSE,FALSE
https://prokr.com/deals/moving/arar,https://prokr.co/corporate/acquisition,301,FALSE,FALSE,FALSE,FALSE
https://prokr.com/saudi/madinah,https://prokr.co/madinah,301,FALSE,FALSE,FALSE,FALSE
https://prokr.com/pricing/ac/yanbu,https://prokr.co/yanbu/air-conditioner-cleaning,301,FALSE,FALSE,FALSE,FALSE
https://prokr.com/services/electricity,https://prokr.co/services-page,301,FALSE,FALSE,FALSE,FALSE
https://prokr.com/deals/pest-control/onaizah,https://prokr.co/onizah/pest-control,301,FALSE,FALSE,FALSE,FALSE
https://prokr.com/faq/painting-gypsum/hail,https://prokr.co/hail,301,FALSE,FALSE,FALSE,FALSE
https://prokr.com/pricing/electricity/al-bahah,https://prokr.co/al-baha,301,FALSE,FALSE,FALSE,FALSE
https://prokr.com/pricing/leaks-plumbing/makkah,https://prokr.co/makkah/water-leak-detection,301,FALSE,FALSE,FALSE,FALSE
https://prokr.com/faq/cleaning/sakaka,https://prokr.co/corporate/acquisition,301,FALSE,FALSE,FALSE,FALSE
https://prokr.com/pricing/electricity/madinah,https://prokr.co/madinah,301,FALSE,FALSE,FALSE,FALSE
https://prokr.com/emergency/ac/jazan,https://prokr.co/jazan/air-conditioner-cleaning,301,FALSE,FALSE,FALSE,FALSE
https://prokr.com/saudi/qatif/ac,https://prokr.co/qatif/air-conditioner-cleaning,301,FALSE,FALSE,FALSE,FALSE
https://prokr.com/saudi/jeddah/electricity/panels-distribution,https://prokr.co/jeddah,301,FALSE,FALSE,FALSE,FALSE
https://prokr.com/faq/leaks-plumbing/sayhat,https://prokr.co/corporate/acquisition,301,FALSE,FALSE,FALSE,FALSE
https://prokr.com/saudi/madinah/pest-control/ants,https://prokr.co/madinah/ants-control,301,FALSE,FALSE,FALSE,FALSE
https://prokr.com/deals/leaks-plumbing/umluj,https://prokr.co/corporate/acquisition,301,FALSE,FALSE,FALSE,FALSE
https://prokr.com/services/ac/maintenance-repair,https://prokr.co/services-page,301,FALSE,FALSE,FALSE,FALSE
https://prokr.com/pricing/moving/jeddah,https://prokr.co/jeddah/furniture-moving,301,FALSE,FALSE,FALSE,FALSE
https://prokr.com/emergency/ac/bisha,https://prokr.co/corporate/acquisition,301,FALSE,FALSE,FALSE,FALSE
https://prokr.com/saudi/riyadh/leaks-plumbing/tank-leaks,https://prokr.co/riyadh/tank-leak-detection,301,FALSE,FALSE,FALSE,FALSE
https://prokr.com/emergency/moving/sayhat,https://prokr.co/corporate/acquisition,301,FALSE,FALSE,FALSE,FALSE
https://prokr.com/saudi/arar/pest-control,https://prokr.co/corporate/acquisition,301,FALSE,FALSE,FALSE,FALSE
https://prokr.com/saudi/wadi-ad-dawasir/carpentry,https://prokr.co/corporate/acquisition,301,FALSE,FALSE,FALSE,FALSE
https://prokr.com/deals/painting-gypsum/dhahran,https://prokr.co/dhahran,301,FALSE,FALSE,FALSE,FALSE
https://prokr.com/pricing/carpentry/dhahran,https://prokr.co/dhahran,301,FALSE,FALSE,FALSE,FALSE
https://prokr.com/faq/electricity/duba,https://prokr.co/corporate/acquisition,301,FALSE,FALSE,FALSE,FALSE
https://prokr.com/faq/carpentry/riyadh,https://prokr.co/riyadh,301,FALSE,FALSE,FALSE,FALSE
https://prokr.com/deals/cleaning/qatif,https://prokr.co/qatif/cleaning,301,FALSE,FALSE,FALSE,FALSE
https://prokr.com/saudi/riyadh/pest-control/general-spray,https://prokr.co/riyadh/pesticide-spraying,301,FALSE,FALSE,FALSE,FALSE
https://prokr.com/faq/cleaning/alqunfudhah,https://prokr.co/corporate/acquisition,301,FALSE,FALSE,FALSE,FALSE
https://prokr.com/faq/leaks-plumbing/khobar,https://prokr.co/al-khobar/water-leak-detection,301,FALSE,FALSE,FALSE,FALSE
https://prokr.com/saudi/jeddah/painting-gypsum,https://prokr.co/jeddah,301,FALSE,FALSE,FALSE,FALSE
https://prokr.com/services/flooring/grinding-polishing,https://prokr.co/services-page,301,FALSE,FALSE,FALSE,FALSE
https://prokr.com/saudi/jubail/electricity,https://prokr.co/jubail,301,FALSE,FALSE,FALSE,FALSE
https://prokr.com/faq/appliances/jeddah,https://prokr.co/jeddah,301,FALSE,FALSE,FALSE,FALSE
https://prokr.com/saudi/jeddah/leaks-plumbing,https://prokr.co/jeddah/water-leak-detection,301,FALSE,FALSE,FALSE,FALSE
https://prokr.com/saudi/abha/ac,https://prokr.co/abha/air-conditioner-cleaning,301,FALSE,FALSE,FALSE,FALSE
https://prokr.com/deals/cleaning/onaizah,https://prokr.co/onizah/cleaning,301,FALSE,FALSE,FALSE,FALSE
https://prokr.com/pricing/pest-control/dhahran,https://prokr.co/dhahran/pest-control,301,FALSE,FALSE,FALSE,FALSE
https://prokr.com/faq/electricity/madinah,https://prokr.co/madinah,301,FALSE,FALSE,FALSE,FALSE
https://prokr.com/emergency/leaks-plumbing/al-ahsa,https://prokr.co/al-ahsa/water-leak-detection,301,FALSE,FALSE,FALSE,FALSE
https://prokr.com/saudi/madinah/moving/city-to-city,https://prokr.co/madinah/intercity-moving,301,FALSE,FALSE,FALSE,FALSE
https://prokr.com/saudi/makkah/leaks-plumbing/acoustic-leak-detection,https://prokr.co/makkah/water-leak-detection,301,FALSE,FALSE,FALSE,FALSE
https://prokr.com/emergency/moving/khobar,https://prokr.co/al-khobar/furniture-moving,301,FALSE,FALSE,FALSE,FALSE
https://prokr.com/faq/ac/najran,https://prokr.co/najran/air-conditioner-cleaning,301,FALSE,FALSE,FALSE,FALSE
https://prokr.com/saudi/rabigh/electricity,https://prokr.co/rabigh,301,FALSE,FALSE,FALSE,FALSE
https://prokr.com/saudi/makkah/landscaping,https://prokr.co/makkah/landscaping,301,FALSE,FALSE,FALSE,FALSE
https://prokr.com/saudi/safwa/ac,https://prokr.co/corporate/acquisition,301,FALSE,FALSE,FALSE,FALSE
https://prokr.com/pricing/painting-gypsum/khamis-mushait,https://prokr.co/khamis-mushait,301,FALSE,FALSE,FALSE,FALSE
https://prokr.com/deals/cleaning/alqunfudhah,https://prokr.co/corporate/acquisition,301,FALSE,FALSE,FALSE,FALSE
https://prokr.com/faq/electricity/taif,https://prokr.co/taif,301,FALSE,FALSE,FALSE,FALSE
https://prokr.com/saudi/dammam/appliances/washing-machines,https://prokr.co/dammam,301,FALSE,FALSE,FALSE,FALSE
https://prokr.com/services/leaks-plumbing/drain-unclogging,https://prokr.co/services-page,301,FALSE,FALSE,FALSE,FALSE
https://prokr.com/faq/cleaning/khamis-mushait,https://prokr.co/khamis-mushait/cleaning,301,FALSE,FALSE,FALSE,FALSE
https://prokr.com/saudi/makkah/pest-control,https://prokr.co/makkah/pest-control,301,FALSE,FALSE,FALSE,FALSE
https://prokr.com/pricing/moving/rabigh,https://prokr.co/rabigh/furniture-moving,301,FALSE,FALSE,FALSE,FALSE
https://prokr.com/faq/painting-gypsum/khamis-mushait,https://prokr.co/khamis-mushait,301,FALSE,FALSE,FALSE,FALSE
https://prokr.com/faq/painting-gypsum/muhayil,https://prokr.co/corporate/acquisition,301,FALSE,FALSE,FALSE,FALSE
https://prokr.com/pricing/painting-gypsum/alqunfudhah,https://prokr.co/corporate/acquisition,301,FALSE,FALSE,FALSE,FALSE
https://prokr.com/saudi/dammam/flooring/ceramic-porcelain,https://prokr.co/dammam,301,FALSE,FALSE,FALSE,FALSE
https://prokr.com/pricing/carpentry/wadi-ad-dawasir,https://prokr.co/corporate/acquisition,301,FALSE,FALSE,FALSE,FALSE
https://prokr.com/faq/landscaping/riyadh,https://prokr.co/riyadh/landscaping,301,FALSE,FALSE,FALSE,FALSE
https://prokr.com/pricing/electricity/makkah,https://prokr.co/makkah,301,FALSE,FALSE,FALSE,FALSE
https://prokr.com/faq/carpentry/hail,https://prokr.co/hail,301,FALSE,FALSE,FALSE,FALSE
https://prokr.com/emergency/ac/qatif,https://prokr.co/qatif/air-conditioner-cleaning,301,FALSE,FALSE,FALSE,FALSE
https://prokr.com/saudi/onaizah/carpentry,https://prokr.co/onizah,301,FALSE,FALSE,FALSE,FALSE
https://prokr.com/emergency/pest-control/sayhat,https://prokr.co/corporate/acquisition,301,FALSE,FALSE,FALSE,FALSE
https://prokr.com/pricing/ac/safwa,https://prokr.co/corporate/acquisition,301,FALSE,FALSE,FALSE,FALSE
https://prokr.com/saudi/riyadh/cleaning/tank-cleaning,https://prokr.co/riyadh/tanks-cleaning,301,FALSE,FALSE,FALSE,FALSE
https://prokr.com/saudi/makkah/car-towing,https://prokr.co/makkah,301,FALSE,FALSE,FALSE,FALSE
https://prokr.com/faq/pest-control/jeddah,https://prokr.co/jeddah/pest-control,301,FALSE,FALSE,FALSE,FALSE
https://prokr.com/deals/aluminum-glass/riyadh,https://prokr.co/riyadh,301,FALSE,FALSE,FALSE,FALSE
https://prokr.com/deals/cleaning/jazan,https://prokr.co/jazan/cleaning,301,FALSE,FALSE,FALSE,FALSE
https://prokr.com/deals/cleaning/bisha,https://prokr.co/corporate/acquisition,301,FALSE,FALSE,FALSE,FALSE
https://prokr.com/services/aluminum-glass,https://prokr.co/services-page,301,FALSE,FALSE,FALSE,FALSE
https://prokr.com/faq/leaks-plumbing/khamis-mushait,https://prokr.co/khamis-mushait/water-leak-detection,301,FALSE,FALSE,FALSE,FALSE
https://prokr.com/faq/pest-control/umluj,https://prokr.co/corporate/acquisition,301,FALSE,FALSE,FALSE,FALSE
https://prokr.com/saudi/dammam/flooring/parquet-vinyl,https://prokr.co/dammam,301,FALSE,FALSE,FALSE,FALSE
https://prokr.com/emergency/ac/yanbu,https://prokr.co/yanbu/air-conditioner-cleaning,301,FALSE,FALSE,FALSE,FALSE
https://prokr.com/deals/electricity/umluj,https://prokr.co/corporate/acquisition,301,FALSE,FALSE,FALSE,FALSE
https://prokr.com/pricing/pest-control/rabigh,https://prokr.co/rabigh/pest-control,301,FALSE,FALSE,FALSE,FALSE
https://prokr.com/services/landscaping/irrigation-systems,https://prokr.co/services-page,301,FALSE,FALSE,FALSE,FALSE
https://prokr.com/faq/carpentry/al-ahsa,https://prokr.co/al-ahsa,301,FALSE,FALSE,FALSE,FALSE
https://prokr.com/pricing/ac/jazan,https://prokr.co/jazan/air-conditioner-cleaning,301,FALSE,FALSE,FALSE,FALSE
https://prokr.com/saudi/madinah/flooring/marble-granite,https://prokr.co/madinah,301,FALSE,FALSE,FALSE,FALSE
https://prokr.com/saudi/alqunfudhah/painting-gypsum,https://prokr.co/corporate/acquisition,301,FALSE,FALSE,FALSE,FALSE
https://prokr.com/saudi/dammam,https://prokr.co/dammam,301,FALSE,FALSE,FALSE,FALSE
https://prokr.com/emergency/pest-control/riyadh,https://prokr.co/riyadh/pest-control,301,FALSE,FALSE,FALSE,FALSE
https://prokr.com/pricing/painting-gypsum/khobar,https://prokr.co/al-khobar,301,FALSE,FALSE,FALSE,FALSE
https://prokr.com/pricing/ac/bisha,https://prokr.co/corporate/acquisition,301,FALSE,FALSE,FALSE,FALSE
https://prokr.com/saudi/makkah/ac/freon-refill,https://prokr.co/makkah/ac-maintenance,301,FALSE,FALSE,FALSE,FALSE
https://prokr.com/deals/cleaning/safwa,https://prokr.co/corporate/acquisition,301,FALSE,FALSE,FALSE,FALSE
https://prokr.com/saudi/madinah/flooring/ceramic-porcelain,https://prokr.co/madinah,301,FALSE,FALSE,FALSE,FALSE
https://prokr.com/saudi/makkah/appliances,https://prokr.co/makkah,301,FALSE,FALSE,FALSE,FALSE
https://prokr.com/pricing/insulation-roofs/jeddah,https://prokr.co/jeddah/roof-insulation,301,FALSE,FALSE,FALSE,FALSE
https://prokr.com/faq/painting-gypsum/onaizah,https://prokr.co/onizah,301,FALSE,FALSE,FALSE,FALSE
https://prokr.com/emergency/moving/tabuk,https://prokr.co/tabuk/furniture-moving,301,FALSE,FALSE,FALSE,FALSE
https://prokr.com/pricing/pest-control/wadi-ad-dawasir,https://prokr.co/corporate/acquisition,301,FALSE,FALSE,FALSE,FALSE
https://prokr.com/emergency/moving/tayma,https://prokr.co/corporate/acquisition,301,FALSE,FALSE,FALSE,FALSE
https://prokr.com/deals/moving/duba,https://prokr.co/corporate/acquisition,301,FALSE,FALSE,FALSE,FALSE
https://prokr.com/saudi/jeddah/flooring/ceramic-porcelain,https://prokr.co/jeddah,301,FALSE,FALSE,FALSE,FALSE
https://prokr.com/saudi/makkah/cleaning/tank-cleaning,https://prokr.co/makkah/tanks-cleaning,301,FALSE,FALSE,FALSE,FALSE
https://prokr.com/deals/flooring/madinah,https://prokr.co/madinah,301,FALSE,FALSE,FALSE,FALSE
https://prokr.com/pricing/leaks-plumbing/khamis-mushait,https://prokr.co/khamis-mushait/water-leak-detection,301,FALSE,FALSE,FALSE,FALSE
https://prokr.com/saudi/jeddah/landscaping,https://prokr.co/jeddah/landscaping,301,FALSE,FALSE,FALSE,FALSE
https://prokr.com/deals/ac/al-lith,https://prokr.co/corporate/acquisition,301,FALSE,FALSE,FALSE,FALSE
https://prokr.com/saudi/dammam/pest-control/bed-bugs,https://prokr.co/dammam/bedbugs-control,301,FALSE,FALSE,FALSE,FALSE
https://prokr.com/faq/appliances/madinah,https://prokr.co/madinah,301,FALSE,FALSE,FALSE,FALSE
https://prokr.com/saudi/madinah/car-towing,https://prokr.co/madinah,301,FALSE,FALSE,FALSE,FALSE
https://prokr.com/saudi/riyadh/leaks-plumbing/drain-unclogging,https://prokr.co/riyadh/sewage-unblocking,301,FALSE,FALSE,FALSE,FALSE
https://prokr.com/saudi/makkah/flooring/grinding-polishing,https://prokr.co/makkah,301,FALSE,FALSE,FALSE,FALSE
https://prokr.com/deals/insulation-roofs/makkah,https://prokr.co/makkah/roof-insulation,301,FALSE,FALSE,FALSE,FALSE
https://prokr.com/saudi/buraydah/moving,https://prokr.co/buraidah/furniture-moving,301,FALSE,FALSE,FALSE,FALSE
https://prokr.com/pricing/flooring/jeddah,https://prokr.co/jeddah,301,FALSE,FALSE,FALSE,FALSE
https://prokr.com/saudi/jeddah/pest-control,https://prokr.co/jeddah/pest-control,301,FALSE,FALSE,FALSE,FALSE
https://prokr.com/faq/pest-control/rabigh,https://prokr.co/rabigh/pest-control,301,FALSE,FALSE,FALSE,FALSE
https://prokr.com/pricing/cleaning/wadi-ad-dawasir,https://prokr.co/corporate/acquisition,301,FALSE,FALSE,FALSE,FALSE
https://prokr.com/services/flooring/marble-granite,https://prokr.co/services-page,301,FALSE,FALSE,FALSE,FALSE
https://prokr.com/emergency/pest-control/khobar,https://prokr.co/al-khobar/pest-control,301,FALSE,FALSE,FALSE,FALSE
https://prokr.com/saudi/ras-tanura/pest-control,https://prokr.co/ras-tanura/pest-control,301,FALSE,FALSE,FALSE,FALSE
https://prokr.com/saudi/hafr-al-batin/cleaning,https://prokr.co/hafr-albatin/cleaning,301,FALSE,FALSE,FALSE,FALSE
https://prokr.com/faq/leaks-plumbing/buraydah,https://prokr.co/buraidah/water-leak-detection,301,FALSE,FALSE,FALSE,FALSE
https://prokr.com/faq/painting-gypsum/bisha,https://prokr.co/corporate/acquisition,301,FALSE,FALSE,FALSE,FALSE
https://prokr.com/pricing/cleaning/najran,https://prokr.co/najran/cleaning,301,FALSE,FALSE,FALSE,FALSE
https://prokr.com/deals/pest-control/hafr-al-batin,https://prokr.co/hafr-albatin/pest-control,301,FALSE,FALSE,FALSE,FALSE
https://prokr.com/pricing/pest-control/taif,https://prokr.co/taif/pest-control,301,FALSE,FALSE,FALSE,FALSE
https://prokr.com/pricing/pest-control/jeddah,https://prokr.co/jeddah/pest-control,301,FALSE,FALSE,FALSE,FALSE
https://prokr.com/faq/cleaning/muhayil,https://prokr.co/corporate/acquisition,301,FALSE,FALSE,FALSE,FALSE
https://prokr.com/saudi/al-ahsa/pest-control,https://prokr.co/al-ahsa/pest-control,301,FALSE,FALSE,FALSE,FALSE
https://prokr.com/saudi/arar/ac,https://prokr.co/corporate/acquisition,301,FALSE,FALSE,FALSE,FALSE
https://prokr.com/deals/carpentry/dammam,https://prokr.co/dammam,301,FALSE,FALSE,FALSE,FALSE
https://prokr.com/saudi/taif/electricity,https://prokr.co/taif,301,FALSE,FALSE,FALSE,FALSE
https://prokr.com/saudi/dammam/ac/maintenance-repair,https://prokr.co/dammam/ac-maintenance,301,FALSE,FALSE,FALSE,FALSE
https://prokr.com/faq/carpentry/al-lith,https://prokr.co/corporate/acquisition,301,FALSE,FALSE,FALSE,FALSE
https://prokr.com/emergency/moving/jeddah,https://prokr.co/jeddah/furniture-moving,301,FALSE,FALSE,FALSE,FALSE
https://prokr.com/pricing/carpentry/hafr-al-batin,https://prokr.co/hafr-albatin,301,FALSE,FALSE,FALSE,FALSE
https://prokr.com/pricing/moving/sayhat,https://prokr.co/corporate/acquisition,301,FALSE,FALSE,FALSE,FALSE
https://prokr.com/deals/carpentry/dhahran,https://prokr.co/dhahran,301,FALSE,FALSE,FALSE,FALSE
https://prokr.com/faq/leaks-plumbing/jeddah,https://prokr.co/jeddah/water-leak-detection,301,FALSE,FALSE,FALSE,FALSE
https://prokr.com/deals/electricity/tayma,https://prokr.co/corporate/acquisition,301,FALSE,FALSE,FALSE,FALSE
https://prokr.com/saudi/dammam/ac/duct-cleaning,https://prokr.co/dammam/air-conditioner-cleaning,301,FALSE,FALSE,FALSE,FALSE
https://prokr.com/deals/electricity/tabuk,https://prokr.co/tabuk,301,FALSE,FALSE,FALSE,FALSE
https://prokr.com/services/landscaping/garden-design,https://prokr.co/services-page,301,FALSE,FALSE,FALSE,FALSE
https://prokr.com/emergency/ac/buraydah,https://prokr.co/buraidah/air-conditioner-cleaning,301,FALSE,FALSE,FALSE,FALSE
https://prokr.com/faq/leaks-plumbing/muhayil,https://prokr.co/corporate/acquisition,301,FALSE,FALSE,FALSE,FALSE
https://prokr.com/saudi/dammam/electricity/electrical-faults,https://prokr.co/dammam,301,FALSE,FALSE,FALSE,FALSE
https://prokr.com/saudi/rabigh/carpentry,https://prokr.co/rabigh,301,FALSE,FALSE,FALSE,FALSE
https://prokr.com/pricing/carpentry/duba,https://prokr.co/corporate/acquisition,301,FALSE,FALSE,FALSE,FALSE
https://prokr.com/deals/electricity/qatif,https://prokr.co/qatif,301,FALSE,FALSE,FALSE,FALSE
https://prokr.com/pricing/moving/riyadh,https://prokr.co/riyadh/furniture-moving,301,FALSE,FALSE,FALSE,FALSE
https://prokr.com/faq/painting-gypsum/dammam,https://prokr.co/dammam,301,FALSE,FALSE,FALSE,FALSE
https://prokr.com/saudi/tabuk/moving,https://prokr.co/tabuk/furniture-moving,301,FALSE,FALSE,FALSE,FALSE
https://prokr.com/deals/moving/hail,https://prokr.co/hail/furniture-moving,301,FALSE,FALSE,FALSE,FALSE
https://prokr.com/saudi/madinah/cleaning/tank-cleaning,https://prokr.co/madinah/tanks-cleaning,301,FALSE,FALSE,FALSE,FALSE
https://prokr.com/deals/electricity/safwa,https://prokr.co/corporate/acquisition,301,FALSE,FALSE,FALSE,FALSE
https://prokr.com/saudi/tayma/carpentry,https://prokr.co/corporate/acquisition,301,FALSE,FALSE,FALSE,FALSE
https://prokr.com/saudi/madinah/leaks-plumbing/bathroom-kitchen-waterproofing,https://prokr.co/madinah/bathroom-leak-detection,301,FALSE,FALSE,FALSE,FALSE
https://prokr.com/emergency/moving/bisha,https://prokr.co/corporate/acquisition,301,FALSE,FALSE,FALSE,FALSE
https://prokr.com/faq/leaks-plumbing/rabigh,https://prokr.co/rabigh/water-leak-detection,301,FALSE,FALSE,FALSE,FALSE
https://prokr.com/saudi/riyadh/electricity/electrical-faults,https://prokr.co/riyadh,301,FALSE,FALSE,FALSE,FALSE
https://prokr.com/saudi/riyadh/moving/insurance-warranty,https://prokr.co/riyadh/furniture-moving,301,FALSE,FALSE,FALSE,FALSE
https://prokr.com/emergency/moving/jazan,https://prokr.co/jazan/furniture-moving,301,FALSE,FALSE,FALSE,FALSE
https://prokr.com/saudi/jeddah/electricity/electrical-faults,https://prokr.co/jeddah,301,FALSE,FALSE,FALSE,FALSE
https://prokr.com/pricing/electricity/rabigh,https://prokr.co/rabigh,301,FALSE,FALSE,FALSE,FALSE
https://prokr.com/deals/moving/umluj,https://prokr.co/corporate/acquisition,301,FALSE,FALSE,FALSE,FALSE
https://prokr.com/saudi/bisha/electricity,https://prokr.co/corporate/acquisition,301,FALSE,FALSE,FALSE,FALSE
https://prokr.com/deals/electricity/wadi-ad-dawasir,https://prokr.co/corporate/acquisition,301,FALSE,FALSE,FALSE,FALSE
https://prokr.com/pricing/ac/tayma,https://prokr.co/corporate/acquisition,301,FALSE,FALSE,FALSE,FALSE
https://prokr.com/faq/appliances/riyadh,https://prokr.co/riyadh,301,FALSE,FALSE,FALSE,FALSE
https://prokr.com/pricing/ac/tabuk,https://prokr.co/tabuk/air-conditioner-cleaning,301,FALSE,FALSE,FALSE,FALSE
https://prokr.com/saudi/makkah/landscaping/lawn-mowing,https://prokr.co/makkah/landscaping,301,FALSE,FALSE,FALSE,FALSE
https://prokr.com/saudi/makkah/leaks-plumbing/drain-unclogging,https://prokr.co/makkah/sewage-unblocking,301,FALSE,FALSE,FALSE,FALSE
https://prokr.com/pricing/carpentry/jubail,https://prokr.co/jubail,301,FALSE,FALSE,FALSE,FALSE
https://prokr.com/services/moving/storage,https://prokr.co/services-page,301,FALSE,FALSE,FALSE,FALSE
https://prokr.com/saudi/makkah/aluminum-glass/glass-facades,https://prokr.co/makkah,301,FALSE,FALSE,FALSE,FALSE
https://prokr.com/saudi/hafr-al-batin/moving,https://prokr.co/hafr-albatin/furniture-moving,301,FALSE,FALSE,FALSE,FALSE
https://prokr.com/saudi/bisha/moving,https://prokr.co/corporate/acquisition,301,FALSE,FALSE,FALSE,FALSE
https://prokr.com/emergency/moving/rabigh,https://prokr.co/rabigh/furniture-moving,301,FALSE,FALSE,FALSE,FALSE
https://prokr.com/saudi/dammam/painting-gypsum,https://prokr.co/dammam,301,FALSE,FALSE,FALSE,FALSE
https://prokr.com/emergency/ac/khamis-mushait,https://prokr.co/khamis-mushait/air-conditioner-cleaning,301,FALSE,FALSE,FALSE,FALSE
https://prokr.com/saudi/riyadh/cleaning/hourly-cleaning,https://prokr.co/riyadh/hourly-cleaning,301,FALSE,FALSE,FALSE,FALSE
https://prokr.com/faq/cleaning/az-zulfi,https://prokr.co/corporate/acquisition,301,FALSE,FALSE,FALSE,FALSE
https://prokr.com/emergency/moving/safwa,https://prokr.co/corporate/acquisition,301,FALSE,FALSE,FALSE,FALSE
https://prokr.com/deals/leaks-plumbing/al-bahah,https://prokr.co/al-baha/water-leak-detection,301,FALSE,FALSE,FALSE,FALSE
https://prokr.com/saudi/jeddah/ac/unit-relocation,https://prokr.co/jeddah/ac-maintenance,301,FALSE,FALSE,FALSE,FALSE
https://prokr.com/saudi/alqunfudhah/moving,https://prokr.co/corporate/acquisition,301,FALSE,FALSE,FALSE,FALSE
https://prokr.com/pricing/moving/buraydah,https://prokr.co/buraidah/furniture-moving,301,FALSE,FALSE,FALSE,FALSE
https://prokr.com/deals/pest-control/wadi-ad-dawasir,https://prokr.co/corporate/acquisition,301,FALSE,FALSE,FALSE,FALSE
https://prokr.com/deals/cleaning/tayma,https://prokr.co/corporate/acquisition,301,FALSE,FALSE,FALSE,FALSE
https://prokr.com/faq/aluminum-glass/madinah,https://prokr.co/madinah,301,FALSE,FALSE,FALSE,FALSE
https://prokr.com/services/landscaping/palm-trees,https://prokr.co/services-page,301,FALSE,FALSE,FALSE,FALSE
https://prokr.com/deals/cleaning/tabuk,https://prokr.co/tabuk/cleaning,301,FALSE,FALSE,FALSE,FALSE
https://prokr.com/services,https://prokr.co/services-page,301,FALSE,FALSE,FALSE,FALSE
https://prokr.com/saudi/najran/cleaning,https://prokr.co/najran/cleaning,301,FALSE,FALSE,FALSE,FALSE
https://prokr.com/pricing/electricity/ras-tanura,https://prokr.co/ras-tanura,301,FALSE,FALSE,FALSE,FALSE
https://prokr.com/pricing/moving/khobar,https://prokr.co/al-khobar/furniture-moving,301,FALSE,FALSE,FALSE,FALSE
https://prokr.com/services/electricity/electrical-faults,https://prokr.co/services-page,301,FALSE,FALSE,FALSE,FALSE
https://prokr.com/saudi/riyadh/aluminum-glass/glass-facades,https://prokr.co/riyadh,301,FALSE,FALSE,FALSE,FALSE
https://prokr.com/faq/pest-control/al-bahah,https://prokr.co/al-baha/pest-control,301,FALSE,FALSE,FALSE,FALSE
https://prokr.com/pricing/carpentry/taif,https://prokr.co/taif,301,FALSE,FALSE,FALSE,FALSE
https://prokr.com/saudi/bisha/leaks-plumbing,https://prokr.co/corporate/acquisition,301,FALSE,FALSE,FALSE,FALSE
https://prokr.com/pricing/electricity/umluj,https://prokr.co/corporate/acquisition,301,FALSE,FALSE,FALSE,FALSE
https://prokr.com/pricing/painting-gypsum/sakaka,https://prokr.co/corporate/acquisition,301,FALSE,FALSE,FALSE,FALSE
https://prokr.com/deals/electricity/riyadh,https://prokr.co/riyadh,301,FALSE,FALSE,FALSE,FALSE
https://prokr.com/deals/aluminum-glass/jeddah,https://prokr.co/jeddah,301,FALSE,FALSE,FALSE,FALSE
https://prokr.com/faq/car-towing/makkah,https://prokr.co/makkah,301,FALSE,FALSE,FALSE,FALSE
https://prokr.com/saudi/alqunfudhah/cleaning,https://prokr.co/corporate/acquisition,301,FALSE,FALSE,FALSE,FALSE
https://prokr.com/saudi/hail/cleaning,https://prokr.co/hail/cleaning,301,FALSE,FALSE,FALSE,FALSE
https://prokr.com/saudi/sakaka/ac,https://prokr.co/corporate/acquisition,301,FALSE,FALSE,FALSE,FALSE
https://prokr.com/faq/pest-control/riyadh,https://prokr.co/riyadh/pest-control,301,FALSE,FALSE,FALSE,FALSE
https://prokr.com/saudi/riyadh/car-towing/city-towing,https://prokr.co/riyadh,301,FALSE,FALSE,FALSE,FALSE
https://prokr.com/pricing/painting-gypsum/al-bahah,https://prokr.co/al-baha,301,FALSE,FALSE,FALSE,FALSE
https://prokr.com/faq/ac/al-bahah,https://prokr.co/al-baha/air-conditioner-cleaning,301,FALSE,FALSE,FALSE,FALSE
https://prokr.com/services/painting-gypsum/wallpaper,https://prokr.co/services-page,301,FALSE,FALSE,FALSE,FALSE
https://prokr.com/saudi/dammam/pest-control/cockroaches,https://prokr.co/dammam/cockroach-control,301,FALSE,FALSE,FALSE,FALSE
https://prokr.com/pricing/pest-control/khobar,https://prokr.co/al-khobar/pest-control,301,FALSE,FALSE,FALSE,FALSE
https://prokr.com/pricing/insulation-roofs/riyadh,https://prokr.co/riyadh/roof-insulation,301,FALSE,FALSE,FALSE,FALSE
https://prokr.com/saudi/madinah/ac/duct-cleaning,https://prokr.co/madinah/air-conditioner-cleaning,301,FALSE,FALSE,FALSE,FALSE
https://prokr.com/faq/carpentry/bisha,https://prokr.co/corporate/acquisition,301,FALSE,FALSE,FALSE,FALSE
https://prokr.com/saudi/riyadh/moving/furniture-packing,https://prokr.co/riyadh/furniture-packaging,301,FALSE,FALSE,FALSE,FALSE
https://prokr.com/faq/ac/hafr-al-batin,https://prokr.co/hafr-albatin/air-conditioner-cleaning,301,FALSE,FALSE,FALSE,FALSE
https://prokr.com/pricing/painting-gypsum/najran,https://prokr.co/najran,301,FALSE,FALSE,FALSE,FALSE
https://prokr.com/faq/pest-control/sayhat,https://prokr.co/corporate/acquisition,301,FALSE,FALSE,FALSE,FALSE
https://prokr.com/pricing/moving/taif,https://prokr.co/taif/furniture-moving,301,FALSE,FALSE,FALSE,FALSE
https://prokr.com/emergency/pest-control/jeddah,https://prokr.co/jeddah/pest-control,301,FALSE,FALSE,FALSE,FALSE
https://prokr.com/pricing/painting-gypsum/arar,https://prokr.co/corporate/acquisition,301,FALSE,FALSE,FALSE,FALSE
https://prokr.com/pricing/painting-gypsum/abha,https://prokr.co/abha,301,FALSE,FALSE,FALSE,FALSE
https://prokr.com/deals/ac/madinah,https://prokr.co/madinah/air-conditioner-cleaning,301,FALSE,FALSE,FALSE,FALSE
https://prokr.com/pricing/flooring/riyadh,https://prokr.co/riyadh,301,FALSE,FALSE,FALSE,FALSE
https://prokr.com/emergency/leaks-plumbing/dhahran,https://prokr.co/dhahran/water-leak-detection,301,FALSE,FALSE,FALSE,FALSE
https://prokr.com/deals/pest-control/taif,https://prokr.co/taif/pest-control,301,FALSE,FALSE,FALSE,FALSE
https://prokr.com/pricing/moving/muhayil,https://prokr.co/corporate/acquisition,301,FALSE,FALSE,FALSE,FALSE
https://prokr.com/pricing/pest-control/sayhat,https://prokr.co/corporate/acquisition,301,FALSE,FALSE,FALSE,FALSE
https://prokr.com/saudi/riyadh/ac/unit-relocation,https://prokr.co/riyadh/ac-maintenance,301,FALSE,FALSE,FALSE,FALSE
https://prokr.com/emergency/moving/yanbu,https://prokr.co/yanbu/furniture-moving,301,FALSE,FALSE,FALSE,FALSE
https://prokr.com/saudi/riyadh/moving/storage,https://prokr.co/riyadh/furniture-storage,301,FALSE,FALSE,FALSE,FALSE
https://prokr.com/emergency/ac/tayma,https://prokr.co/corporate/acquisition,301,FALSE,FALSE,FALSE,FALSE
https://prokr.com/emergency/ac/tabuk,https://prokr.co/tabuk/air-conditioner-cleaning,301,FALSE,FALSE,FALSE,FALSE
https://prokr.com/saudi/buraydah/electricity,https://prokr.co/buraidah,301,FALSE,FALSE,FALSE,FALSE
https://prokr.com/saudi/makkah/car-towing/city-towing,https://prokr.co/makkah,301,FALSE,FALSE,FALSE,FALSE
https://prokr.com/faq/pest-control/khobar,https://prokr.co/al-khobar/pest-control,301,FALSE,FALSE,FALSE,FALSE
https://prokr.com/saudi/jeddah/ac/duct-cleaning,https://prokr.co/jeddah/air-conditioner-cleaning,301,FALSE,FALSE,FALSE,FALSE
https://prokr.com/deals/electricity/hafr-al-batin,https://prokr.co/hafr-albatin,301,FALSE,FALSE,FALSE,FALSE
https://prokr.com/pricing/pest-control/al-ahsa,https://prokr.co/al-ahsa/pest-control,301,FALSE,FALSE,FALSE,FALSE
https://prokr.com/saudi/al-majmah/cleaning,https://prokr.co/majmaah/cleaning,301,FALSE,FALSE,FALSE,FALSE
https://prokr.com/saudi/dammam/appliances/ovens-stoves,https://prokr.co/dammam,301,FALSE,FALSE,FALSE,FALSE
https://prokr.com/saudi/al-bahah/cleaning,https://prokr.co/al-baha/cleaning,301,FALSE,FALSE,FALSE,FALSE
https://prokr.com/emergency/pest-control/rabigh,https://prokr.co/rabigh/pest-control,301,FALSE,FALSE,FALSE,FALSE
https://prokr.com/saudi/makkah/ac/split-ac-cleaning,https://prokr.co/makkah/air-conditioner-cleaning,301,FALSE,FALSE,FALSE,FALSE
https://prokr.com/emergency/moving/qatif,https://prokr.co/qatif/furniture-moving,301,FALSE,FALSE,FALSE,FALSE
https://prokr.com/saudi/jeddah/cleaning/facade-cleaning,https://prokr.co/jeddah/glass-facades-cleaning,301,FALSE,FALSE,FALSE,FALSE
https://prokr.com/services/carpentry/kitchen-cabinets,https://prokr.co/services-page,301,FALSE,FALSE,FALSE,FALSE
https://prokr.com/pricing/pest-control/riyadh,https://prokr.co/riyadh/pest-control,301,FALSE,FALSE,FALSE,FALSE
https://prokr.com/saudi/khamis-mushait/painting-gypsum,https://prokr.co/khamis-mushait,301,FALSE,FALSE,FALSE,FALSE
https://prokr.com/deals/electricity/dhahran,https://prokr.co/dhahran,301,FALSE,FALSE,FALSE,FALSE
https://prokr.com/saudi/jeddah/pest-control/municipality-certificate,https://prokr.co/jeddah/pest-control,301,FALSE,FALSE,FALSE,FALSE
https://prokr.com/services/cleaning/sofa-curtains,https://prokr.co/services-page,301,FALSE,FALSE,FALSE,FALSE
https://prokr.com/services/pest-control/bed-bugs,https://prokr.co/services-page,301,FALSE,FALSE,FALSE,FALSE
https://prokr.com/saudi/makkah/appliances/dryers,https://prokr.co/makkah,301,FALSE,FALSE,FALSE,FALSE
https://prokr.com/saudi/khamis-mushait/pest-control,https://prokr.co/khamis-mushait/pest-control,301,FALSE,FALSE,FALSE,FALSE
https://prokr.com/saudi/arar,https://prokr.co/corporate/acquisition,301,FALSE,FALSE,FALSE,FALSE
https://prokr.com/pricing/moving/tayma,https://prokr.co/corporate/acquisition,301,FALSE,FALSE,FALSE,FALSE
https://prokr.com/faq/ac/ras-tanura,https://prokr.co/ras-tanura/air-conditioner-cleaning,301,FALSE,FALSE,FALSE,FALSE
https://prokr.com/saudi/riyadh/leaks-plumbing,https://prokr.co/riyadh/water-leak-detection,301,FALSE,FALSE,FALSE,FALSE
https://prokr.com/pricing/painting-gypsum/bisha,https://prokr.co/corporate/acquisition,301,FALSE,FALSE,FALSE,FALSE
https://prokr.com/saudi/abha,https://prokr.co/abha,301,FALSE,FALSE,FALSE,FALSE
https://prokr.com/saudi/riyadh/ac,https://prokr.co/riyadh/air-conditioner-cleaning,301,FALSE,FALSE,FALSE,FALSE
https://prokr.com/pricing/moving/tabuk,https://prokr.co/tabuk/furniture-moving,301,FALSE,FALSE,FALSE,FALSE
https://prokr.com/pricing/cleaning/safwa,https://prokr.co/corporate/acquisition,301,FALSE,FALSE,FALSE,FALSE
https://prokr.com/faq/moving/ras-tanura,https://prokr.co/ras-tanura/furniture-moving,301,FALSE,FALSE,FALSE,FALSE
https://prokr.com/saudi/makkah/aluminum-glass/shades-curtains,https://prokr.co/makkah,301,FALSE,FALSE,FALSE,FALSE
https://prokr.com/pricing/cleaning/ras-tanura,https://prokr.co/ras-tanura/cleaning,301,FALSE,FALSE,FALSE,FALSE
https://prokr.com/pricing/cleaning/arar,https://prokr.co/corporate/acquisition,301,FALSE,FALSE,FALSE,FALSE
https://prokr.com/pricing/cleaning/abha,https://prokr.co/abha/cleaning,301,FALSE,FALSE,FALSE,FALSE
https://prokr.com/faq/ac/madinah,https://prokr.co/madinah/air-conditioner-cleaning,301,FALSE,FALSE,FALSE,FALSE
https://prokr.com/saudi/onaizah/cleaning,https://prokr.co/onizah/cleaning,301,FALSE,FALSE,FALSE,FALSE
https://prokr.com/deals/insulation-roofs/riyadh,https://prokr.co/riyadh/roof-insulation,301,FALSE,FALSE,FALSE,FALSE
https://prokr.com/saudi/riyadh/insulation-roofs/water-proofing,https://prokr.co/riyadh/water-insulation,301,FALSE,FALSE,FALSE,FALSE
https://prokr.com/faq/leaks-plumbing/taif,https://prokr.co/taif/water-leak-detection,301,FALSE,FALSE,FALSE,FALSE
https://prokr.com/saudi/yanbu/ac,https://prokr.co/yanbu/air-conditioner-cleaning,301,FALSE,FALSE,FALSE,FALSE
https://prokr.com/faq/cleaning/umluj,https://prokr.co/corporate/acquisition,301,FALSE,FALSE,FALSE,FALSE
https://prokr.com/pricing/ac/najran,https://prokr.co/najran/air-conditioner-cleaning,301,FALSE,FALSE,FALSE,FALSE
https://prokr.com/pricing/cleaning/jazan,https://prokr.co/jazan/cleaning,301,FALSE,FALSE,FALSE,FALSE
https://prokr.com/pricing/cleaning/bisha,https://prokr.co/corporate/acquisition,301,FALSE,FALSE,FALSE,FALSE
https://prokr.com/saudi/dammam/ac/split-ac-cleaning,https://prokr.co/dammam/air-conditioner-cleaning,301,FALSE,FALSE,FALSE,FALSE
https://prokr.com/faq/electricity/dammam,https://prokr.co/dammam,301,FALSE,FALSE,FALSE,FALSE
https://prokr.com/saudi/ras-tanura/electricity,https://prokr.co/ras-tanura,301,FALSE,FALSE,FALSE,FALSE
https://prokr.com/emergency/ac/najran,https://prokr.co/najran/air-conditioner-cleaning,301,FALSE,FALSE,FALSE,FALSE
https://prokr.com/faq/cleaning/dammam,https://prokr.co/dammam/cleaning,301,FALSE,FALSE,FALSE,FALSE
https://prokr.com/saudi/riyadh/car-towing/luxury-car-transport,https://prokr.co/riyadh,301,FALSE,FALSE,FALSE,FALSE
https://prokr.com/pricing/ac/wadi-ad-dawasir,https://prokr.co/corporate/acquisition,301,FALSE,FALSE,FALSE,FALSE
https://prokr.com/saudi/najran/ac,https://prokr.co/najran/air-conditioner-cleaning,301,FALSE,FALSE,FALSE,FALSE
https://prokr.com/saudi/makkah/appliances/ovens-stoves,https://prokr.co/makkah,301,FALSE,FALSE,FALSE,FALSE
https://prokr.com/deals/ac/khamis-mushait,https://prokr.co/khamis-mushait/air-conditioner-cleaning,301,FALSE,FALSE,FALSE,FALSE
https://prokr.com/saudi/dammam/ac/freon-refill,https://prokr.co/dammam/ac-maintenance,301,FALSE,FALSE,FALSE,FALSE
https://prokr.com/deals/aluminum-glass/makkah,https://prokr.co/makkah,301,FALSE,FALSE,FALSE,FALSE
https://prokr.com/emergency/moving/al-bahah,https://prokr.co/al-baha/furniture-moving,301,FALSE,FALSE,FALSE,FALSE
https://prokr.com/faq/car-towing/jeddah,https://prokr.co/jeddah,301,FALSE,FALSE,FALSE,FALSE
https://prokr.com/saudi/madinah/ac/freon-refill,https://prokr.co/madinah/ac-maintenance,301,FALSE,FALSE,FALSE,FALSE
https://prokr.com/saudi/riyadh/ac/split-ac-cleaning,https://prokr.co/riyadh/air-conditioner-cleaning,301,FALSE,FALSE,FALSE,FALSE
https://prokr.com/saudi/riyadh/carpentry/bedrooms,https://prokr.co/riyadh,301,FALSE,FALSE,FALSE,FALSE
https://prokr.com/saudi/jeddah/aluminum-glass,https://prokr.co/jeddah,301,FALSE,FALSE,FALSE,FALSE
https://prokr.com/faq/moving/dhahran,https://prokr.co/dhahran/furniture-moving,301,FALSE,FALSE,FALSE,FALSE
https://prokr.com/services/moving/office-moving,https://prokr.co/services-page,301,FALSE,FALSE,FALSE,FALSE
https://prokr.com/pricing/leaks-plumbing/taif,https://prokr.co/taif/water-leak-detection,301,FALSE,FALSE,FALSE,FALSE
https://prokr.com/deals/painting-gypsum/ras-tanura,https://prokr.co/ras-tanura,301,FALSE,FALSE,FALSE,FALSE
https://prokr.com/faq/cleaning/ras-tanura,https://prokr.co/ras-tanura/cleaning,301,FALSE,FALSE,FALSE,FALSE
https://prokr.com/emergency/pest-control/makkah,https://prokr.co/makkah/pest-control,301,FALSE,FALSE,FALSE,FALSE
https://prokr.com/saudi/jeddah/pest-control/termites,https://prokr.co/jeddah/termite-control,301,FALSE,FALSE,FALSE,FALSE
https://prokr.com/saudi/yanbu/painting-gypsum,https://prokr.co/yanbu,301,FALSE,FALSE,FALSE,FALSE
https://prokr.com/saudi/dhahran/leaks-plumbing,https://prokr.co/dhahran/water-leak-detection,301,FALSE,FALSE,FALSE,FALSE
https://prokr.com/faq/moving/jubail,https://prokr.co/jubail/furniture-moving,301,FALSE,FALSE,FALSE,FALSE
https://prokr.com/saudi/duba/leaks-plumbing,https://prokr.co/corporate/acquisition,301,FALSE,FALSE,FALSE,FALSE
https://prokr.com/emergency/ac/dhahran,https://prokr.co/dhahran/air-conditioner-cleaning,301,FALSE,FALSE,FALSE,FALSE
https://prokr.com/emergency/leaks-plumbing/najran,https://prokr.co/najran/water-leak-detection,301,FALSE,FALSE,FALSE,FALSE
https://prokr.com/saudi/madinah/leaks-plumbing/thermal-leak-detection,https://prokr.co/madinah/water-leak-detection,301,FALSE,FALSE,FALSE,FALSE
https://prokr.com/faq/carpentry/jubail,https://prokr.co/jubail,301,FALSE,FALSE,FALSE,FALSE
https://prokr.com/pricing/ac/hafr-al-batin,https://prokr.co/hafr-albatin/air-conditioner-cleaning,301,FALSE,FALSE,FALSE,FALSE
https://prokr.com/saudi/madinah/cleaning/carpet-rug,https://prokr.co/madinah/carpet-cleaning,301,FALSE,FALSE,FALSE,FALSE
https://prokr.com/pricing/cleaning/qatif,https://prokr.co/qatif/cleaning,301,FALSE,FALSE,FALSE,FALSE
https://prokr.com/saudi/madinah/pest-control/annual-contracts,https://prokr.co/madinah/pest-control,301,FALSE,FALSE,FALSE,FALSE
https://prokr.com/services/leaks-plumbing,https://prokr.co/services-page,301,FALSE,FALSE,FALSE,FALSE
https://prokr.com/deals/pest-control/najran,https://prokr.co/najran/pest-control,301,FALSE,FALSE,FALSE,FALSE
https://prokr.com/pricing/leaks-plumbing/al-majmah,https://prokr.co/majmaah/water-leak-detection,301,FALSE,FALSE,FALSE,FALSE
https://prokr.com/saudi/az-zulfi/ac,https://prokr.co/corporate/acquisition,301,FALSE,FALSE,FALSE,FALSE
https://prokr.com/saudi/dammam/painting-gypsum/exterior-painting,https://prokr.co/dammam,301,FALSE,FALSE,FALSE,FALSE
https://prokr.com/saudi/umluj/pest-control,https://prokr.co/corporate/acquisition,301,FALSE,FALSE,FALSE,FALSE
https://prokr.com/saudi/abha/pest-control,https://prokr.co/abha/pest-control,301,FALSE,FALSE,FALSE,FALSE
https://prokr.com/pricing/carpentry/khamis-mushait,https://prokr.co/khamis-mushait,301,FALSE,FALSE,FALSE,FALSE
https://prokr.com/faq/carpentry/al-bahah,https://prokr.co/al-baha,301,FALSE,FALSE,FALSE,FALSE
https://prokr.com/pricing/cleaning/yanbu,https://prokr.co/yanbu/cleaning,301,FALSE,FALSE,FALSE,FALSE
https://prokr.com/saudi/jeddah/cleaning/deep-cleaning,https://prokr.co/jeddah/deep-cleaning,301,FALSE,FALSE,FALSE,FALSE
https://prokr.com/saudi/jeddah/landscaping/irrigation-systems,https://prokr.co/jeddah/landscaping,301,FALSE,FALSE,FALSE,FALSE
https://prokr.com/pricing/carpentry/safwa,https://prokr.co/corporate/acquisition,301,FALSE,FALSE,FALSE,FALSE
https://prokr.com/saudi/wadi-ad-dawasir/electricity,https://prokr.co/corporate/acquisition,301,FALSE,FALSE,FALSE,FALSE
https://prokr.com/pricing/carpentry/al-majmah,https://prokr.co/majmaah,301,FALSE,FALSE,FALSE,FALSE
https://prokr.com/pricing/leaks-plumbing/khobar,https://prokr.co/al-khobar/water-leak-detection,301,FALSE,FALSE,FALSE,FALSE
https://prokr.com/pricing/carpentry/qatif,https://prokr.co/qatif,301,FALSE,FALSE,FALSE,FALSE
https://prokr.com/pricing/carpentry/az-zulfi,https://prokr.co/corporate/acquisition,301,FALSE,FALSE,FALSE,FALSE
https://prokr.com/saudi/jeddah/electricity/cctv-systems,https://prokr.co/jeddah,301,FALSE,FALSE,FALSE,FALSE
https://prokr.com/services/insulation-roofs/water-proofing,https://prokr.co/services-page,301,FALSE,FALSE,FALSE,FALSE
https://prokr.com/pricing/cleaning/duba,https://prokr.co/corporate/acquisition,301,FALSE,FALSE,FALSE,FALSE
https://prokr.com/deals/carpentry/hafr-al-batin,https://prokr.co/hafr-albatin,301,FALSE,FALSE,FALSE,FALSE
https://prokr.com/saudi/madinah/cleaning/deep-cleaning,https://prokr.co/madinah/deep-cleaning,301,FALSE,FALSE,FALSE,FALSE
https://prokr.com/faq/electricity/bisha,https://prokr.co/corporate/acquisition,301,FALSE,FALSE,FALSE,FALSE
https://prokr.com/pricing/carpentry/tayma,https://prokr.co/corporate/acquisition,301,FALSE,FALSE,FALSE,FALSE
https://prokr.com/pricing/carpentry/tabuk,https://prokr.co/tabuk,301,FALSE,FALSE,FALSE,FALSE
https://prokr.com/pricing/cleaning/al-bahah,https://prokr.co/al-baha/cleaning,301,FALSE,FALSE,FALSE,FALSE
https://prokr.com/saudi/makkah/ac/duct-cleaning,https://prokr.co/makkah/air-conditioner-cleaning,301,FALSE,FALSE,FALSE,FALSE
https://prokr.com/deals/carpentry/yanbu,https://prokr.co/yanbu,301,FALSE,FALSE,FALSE,FALSE
https://prokr.com/pricing/leaks-plumbing/sayhat,https://prokr.co/corporate/acquisition,301,FALSE,FALSE,FALSE,FALSE
https://prokr.com/saudi/makkah/ac/ac-installation,https://prokr.co/makkah/ac-installation,301,FALSE,FALSE,FALSE,FALSE
https://prokr.com/saudi/arar/moving,https://prokr.co/corporate/acquisition,301,FALSE,FALSE,FALSE,FALSE
https://prokr.com/faq/leaks-plumbing/makkah,https://prokr.co/makkah/water-leak-detection,301,FALSE,FALSE,FALSE,FALSE
https://prokr.com/emergency/moving/makkah,https://prokr.co/makkah/furniture-moving,301,FALSE,FALSE,FALSE,FALSE
https://prokr.com/emergency/moving/onaizah,https://prokr.co/onizah/furniture-moving,301,FALSE,FALSE,FALSE,FALSE
https://prokr.com/faq/electricity/az-zulfi,https://prokr.co/corporate/acquisition,301,FALSE,FALSE,FALSE,FALSE
https://prokr.com/faq/carpentry/al-majmah,https://prokr.co/majmaah,301,FALSE,FALSE,FALSE,FALSE
https://prokr.com/saudi/madinah/carpentry,https://prokr.co/madinah,301,FALSE,FALSE,FALSE,FALSE
https://prokr.com/saudi/bisha/pest-control,https://prokr.co/corporate/acquisition,301,FALSE,FALSE,FALSE,FALSE
https://prokr.com/saudi/makkah/appliances/refrigerators,https://prokr.co/makkah,301,FALSE,FALSE,FALSE,FALSE
https://prokr.com/pricing/leaks-plumbing/al-bahah,https://prokr.co/al-baha/water-leak-detection,301,FALSE,FALSE,FALSE,FALSE
https://prokr.com/pricing/leaks-plumbing/al-ahsa,https://prokr.co/al-ahsa/water-leak-detection,301,FALSE,FALSE,FALSE,FALSE
https://prokr.com/deals/electricity/az-zulfi,https://prokr.co/corporate/acquisition,301,FALSE,FALSE,FALSE,FALSE
https://prokr.com/pricing/leaks-plumbing/riyadh,https://prokr.co/riyadh/water-leak-detection,301,FALSE,FALSE,FALSE,FALSE
https://prokr.com/saudi/dammam/leaks-plumbing/tank-leaks,https://prokr.co/dammam/tank-leak-detection,301,FALSE,FALSE,FALSE,FALSE
https://prokr.com/emergency/pest-control/taif,https://prokr.co/taif/pest-control,301,FALSE,FALSE,FALSE,FALSE
https://prokr.com/faq/painting-gypsum/wadi-ad-dawasir,https://prokr.co/corporate/acquisition,301,FALSE,FALSE,FALSE,FALSE
https://prokr.com/pricing/electricity/khamis-mushait,https://prokr.co/khamis-mushait,301,FALSE,FALSE,FALSE,FALSE
https://prokr.com/saudi/abha/cleaning,https://prokr.co/abha/cleaning,301,FALSE,FALSE,FALSE,FALSE
https://prokr.com/services/car-towing/luxury-car-transport,https://prokr.co/services-page,301,FALSE,FALSE,FALSE,FALSE
https://prokr.com/saudi/ras-tanura/painting-gypsum,https://prokr.co/ras-tanura,301,FALSE,FALSE,FALSE,FALSE
https://prokr.com/pricing/pest-control/khamis-mushait,https://prokr.co/khamis-mushait/pest-control,301,FALSE,FALSE,FALSE,FALSE
https://prokr.com/deals/painting-gypsum/umluj,https://prokr.co/corporate/acquisition,301,FALSE,FALSE,FALSE,FALSE
https://prokr.com/emergency/pest-control/al-ahsa,https://prokr.co/al-ahsa/pest-control,301,FALSE,FALSE,FALSE,FALSE
https://prokr.com/saudi/jeddah/carpentry/bedrooms,https://prokr.co/jeddah,301,FALSE,FALSE,FALSE,FALSE
https://prokr.com/saudi/duba/electricity,https://prokr.co/corporate/acquisition,301,FALSE,FALSE,FALSE,FALSE
https://prokr.com/saudi/dammam/landscaping/lawn-mowing,https://prokr.co/dammam/landscaping,301,FALSE,FALSE,FALSE,FALSE
https://prokr.com/saudi/taif/painting-gypsum,https://prokr.co/taif,301,FALSE,FALSE,FALSE,FALSE
https://prokr.com/pricing/flooring/makkah,https://prokr.co/makkah,301,FALSE,FALSE,FALSE,FALSE
https://prokr.com/deals/insulation-roofs/jeddah,https://prokr.co/jeddah/roof-insulation,301,FALSE,FALSE,FALSE,FALSE
https://prokr.com/saudi/khobar/painting-gypsum,https://prokr.co/al-khobar,301,FALSE,FALSE,FALSE,FALSE
https://prokr.com/saudi/yanbu/electricity,https://prokr.co/yanbu,301,FALSE,FALSE,FALSE,FALSE
https://prokr.com/pricing/electricity/duba,https://prokr.co/corporate/acquisition,301,FALSE,FALSE,FALSE,FALSE
https://prokr.com/pricing/painting-gypsum/jeddah,https://prokr.co/jeddah,301,FALSE,FALSE,FALSE,FALSE
https://prokr.com/saudi/khamis-mushait/electricity,https://prokr.co/khamis-mushait,301,FALSE,FALSE,FALSE,FALSE
https://prokr.com/pricing/carpentry/riyadh,https://prokr.co/riyadh,301,FALSE,FALSE,FALSE,FALSE
https://prokr.com/faq/ac/al-majmah,https://prokr.co/majmaah/air-conditioner-cleaning,301,FALSE,FALSE,FALSE,FALSE
https://prokr.com/emergency/leaks-plumbing/taif,https://prokr.co/taif/water-leak-detection,301,FALSE,FALSE,FALSE,FALSE
https://prokr.com/faq/leaks-plumbing/alqunfudhah,https://prokr.co/corporate/acquisition,301,FALSE,FALSE,FALSE,FALSE
https://prokr.com/blog/smart-home-electricity-guide,https://prokr.co/blog,301,FALSE,FALSE,FALSE,FALSE
https://prokr.com/saudi/jeddah/appliances/refrigerators,https://prokr.co/jeddah,301,FALSE,FALSE,FALSE,FALSE
https://prokr.com/saudi/buraydah/pest-control,https://prokr.co/buraidah/pest-control,301,FALSE,FALSE,FALSE,FALSE
https://prokr.com/deals/moving/al-majmah,https://prokr.co/majmaah/furniture-moving,301,FALSE,FALSE,FALSE,FALSE
https://prokr.com/pricing/pest-control/makkah,https://prokr.co/makkah/pest-control,301,FALSE,FALSE,FALSE,FALSE
https://prokr.com/services/moving/apartment-moving,https://prokr.co/services-page,301,FALSE,FALSE,FALSE,FALSE
https://prokr.com/pricing/cleaning/hail,https://prokr.co/hail/cleaning,301,FALSE,FALSE,FALSE,FALSE
https://prokr.com/pricing/carpentry/umluj,https://prokr.co/corporate/acquisition,301,FALSE,FALSE,FALSE,FALSE
https://prokr.com/deals/landscaping/dammam,https://prokr.co/dammam/landscaping,301,FALSE,FALSE,FALSE,FALSE
https://prokr.com/pricing/ac/onaizah,https://prokr.co/onizah/air-conditioner-cleaning,301,FALSE,FALSE,FALSE,FALSE
https://prokr.com/saudi/qatif/pest-control,https://prokr.co/qatif/pest-control,301,FALSE,FALSE,FALSE,FALSE
https://prokr.com/saudi/riyadh/insulation-roofs/cracks-treatment,https://prokr.co/riyadh/roof-insulation,301,FALSE,FALSE,FALSE,FALSE
https://prokr.com/services/flooring,https://prokr.co/services-page,301,FALSE,FALSE,FALSE,FALSE
https://prokr.com/saudi/dammam/flooring/grinding-polishing,https://prokr.co/dammam,301,FALSE,FALSE,FALSE,FALSE
https://prokr.com/deals/ac/az-zulfi,https://prokr.co/corporate/acquisition,301,FALSE,FALSE,FALSE,FALSE
https://prokr.com/deals/moving/al-bahah,https://prokr.co/al-baha/furniture-moving,301,FALSE,FALSE,FALSE,FALSE
https://prokr.com/faq/car-towing/riyadh,https://prokr.co/riyadh,301,FALSE,FALSE,FALSE,FALSE
https://prokr.com/saudi/wadi-ad-dawasir/leaks-plumbing,https://prokr.co/corporate/acquisition,301,FALSE,FALSE,FALSE,FALSE
https://prokr.com/deals/electricity/arar,https://prokr.co/corporate/acquisition,301,FALSE,FALSE,FALSE,FALSE
https://prokr.com/deals/leaks-plumbing/jubail,https://prokr.co/jubail/water-leak-detection,301,FALSE,FALSE,FALSE,FALSE
https://prokr.com/faq/pest-control/makkah,https://prokr.co/makkah/pest-control,301,FALSE,FALSE,FALSE,FALSE
https://prokr.com/pricing/moving/qatif,https://prokr.co/qatif/furniture-moving,301,FALSE,FALSE,FALSE,FALSE
https://prokr.com/saudi/riyadh/landscaping/irrigation-systems,https://prokr.co/riyadh/landscaping,301,FALSE,FALSE,FALSE,FALSE
https://prokr.com/deals/electricity/abha,https://prokr.co/abha,301,FALSE,FALSE,FALSE,FALSE
https://prokr.com/saudi/jazan,https://prokr.co/jazan,301,FALSE,FALSE,FALSE,FALSE
https://prokr.com/saudi/makkah/electricity/cctv-systems,https://prokr.co/makkah,301,FALSE,FALSE,FALSE,FALSE
https://prokr.com/pricing/electricity/taif,https://prokr.co/taif,301,FALSE,FALSE,FALSE,FALSE
https://prokr.com/blog/painting-tips-saudi-homes,https://prokr.co/blog,301,FALSE,FALSE,FALSE,FALSE
https://prokr.com/pricing/insulation-roofs/makkah,https://prokr.co/makkah/roof-insulation,301,FALSE,FALSE,FALSE,FALSE
https://prokr.com/deals/painting-gypsum/qatif,https://prokr.co/qatif,301,FALSE,FALSE,FALSE,FALSE
https://prokr.com/emergency/pest-control/dhahran,https://prokr.co/dhahran/pest-control,301,FALSE,FALSE,FALSE,FALSE
https://prokr.com/faq/pest-control/wadi-ad-dawasir,https://prokr.co/corporate/acquisition,301,FALSE,FALSE,FALSE,FALSE
https://prokr.com/pricing/ac/khamis-mushait,https://prokr.co/khamis-mushait/air-conditioner-cleaning,301,FALSE,FALSE,FALSE,FALSE
https://prokr.com/deals/painting-gypsum/safwa,https://prokr.co/corporate/acquisition,301,FALSE,FALSE,FALSE,FALSE
https://prokr.com/deals/painting-gypsum/tayma,https://prokr.co/corporate/acquisition,301,FALSE,FALSE,FALSE,FALSE
https://prokr.com/pricing/leaks-plumbing/dhahran,https://prokr.co/dhahran/water-leak-detection,301,FALSE,FALSE,FALSE,FALSE
https://prokr.com/saudi/az-zulfi/carpentry,https://prokr.co/corporate/acquisition,301,FALSE,FALSE,FALSE,FALSE
https://prokr.com/deals/moving/muhayil,https://prokr.co/corporate/acquisition,301,FALSE,FALSE,FALSE,FALSE
https://prokr.com/pricing/moving/yanbu,https://prokr.co/yanbu/furniture-moving,301,FALSE,FALSE,FALSE,FALSE
https://prokr.com/saudi/jeddah/ac/freon-refill,https://prokr.co/jeddah/ac-maintenance,301,FALSE,FALSE,FALSE,FALSE
https://prokr.com/deals/painting-gypsum/tabuk,https://prokr.co/tabuk,301,FALSE,FALSE,FALSE,FALSE
https://prokr.com/services/appliances/washing-machines,https://prokr.co/services-page,301,FALSE,FALSE,FALSE,FALSE
https://prokr.com/saudi/madinah/painting-gypsum/interior-painting,https://prokr.co/madinah,301,FALSE,FALSE,FALSE,FALSE
https://prokr.com/faq/ac/al-lith,https://prokr.co/corporate/acquisition,301,FALSE,FALSE,FALSE,FALSE
https://prokr.com/pricing/painting-gypsum/dhahran,https://prokr.co/dhahran,301,FALSE,FALSE,FALSE,FALSE
https://prokr.com/saudi/makkah/painting-gypsum,https://prokr.co/makkah,301,FALSE,FALSE,FALSE,FALSE
https://prokr.com/faq/ac/taif,https://prokr.co/taif/air-conditioner-cleaning,301,FALSE,FALSE,FALSE,FALSE
https://prokr.com/saudi/muhayil/electricity,https://prokr.co/corporate/acquisition,301,FALSE,FALSE,FALSE,FALSE
https://prokr.com/saudi/jeddah/moving/crane-lifting,https://prokr.co/jeddah/heavy-equipment-moving,301,FALSE,FALSE,FALSE,FALSE
https://prokr.com/faq/insulation-roofs/dammam,https://prokr.co/dammam/roof-insulation,301,FALSE,FALSE,FALSE,FALSE
https://prokr.com/deals/pest-control/az-zulfi,https://prokr.co/corporate/acquisition,301,FALSE,FALSE,FALSE,FALSE
https://prokr.com/deals/carpentry/duba,https://prokr.co/corporate/acquisition,301,FALSE,FALSE,FALSE,FALSE
https://prokr.com/saudi/al-ahsa/ac,https://prokr.co/al-ahsa/air-conditioner-cleaning,301,FALSE,FALSE,FALSE,FALSE
https://prokr.com/saudi/makkah/flooring/ceramic-porcelain,https://prokr.co/makkah,301,FALSE,FALSE,FALSE,FALSE
https://prokr.com/deals/leaks-plumbing/muhayil,https://prokr.co/corporate/acquisition,301,FALSE,FALSE,FALSE,FALSE
https://prokr.com/saudi/jeddah/insulation-roofs/cracks-treatment,https://prokr.co/jeddah/roof-insulation,301,FALSE,FALSE,FALSE,FALSE
https://prokr.com/saudi/makkah/cleaning/marble-polishing,https://prokr.co/makkah/marble-polishing,301,FALSE,FALSE,FALSE,FALSE
https://prokr.com/saudi/makkah/insulation-roofs/water-proofing,https://prokr.co/makkah/water-insulation,301,FALSE,FALSE,FALSE,FALSE
https://prokr.com/faq/appliances/makkah,https://prokr.co/makkah,301,FALSE,FALSE,FALSE,FALSE
https://prokr.com/faq/ac/umluj,https://prokr.co/corporate/acquisition,301,FALSE,FALSE,FALSE,FALSE
https://prokr.com/saudi/qatif/moving,https://prokr.co/qatif/furniture-moving,301,FALSE,FALSE,FALSE,FALSE
https://prokr.com/pricing/pest-control/al-bahah,https://prokr.co/al-baha/pest-control,301,FALSE,FALSE,FALSE,FALSE
https://prokr.com/deals/cleaning/al-bahah,https://prokr.co/al-baha/cleaning,301,FALSE,FALSE,FALSE,FALSE
https://prokr.com/saudi/makkah/pest-control/termites,https://prokr.co/makkah/termite-control,301,FALSE,FALSE,FALSE,FALSE
https://prokr.com/saudi/dammam/moving/insurance-warranty,https://prokr.co/dammam/furniture-moving,301,FALSE,FALSE,FALSE,FALSE
https://prokr.com/deals/painting-gypsum/dammam,https://prokr.co/dammam,301,FALSE,FALSE,FALSE,FALSE
https://prokr.com/saudi/jeddah/moving/storage,https://prokr.co/jeddah/furniture-storage,301,FALSE,FALSE,FALSE,FALSE
https://prokr.com/saudi/madinah/landscaping/lawn-mowing,https://prokr.co/madinah/landscaping,301,FALSE,FALSE,FALSE,FALSE
https://prokr.com/pricing/leaks-plumbing/rabigh,https://prokr.co/rabigh/water-leak-detection,301,FALSE,FALSE,FALSE,FALSE
https://prokr.com/saudi/safwa/electricity,https://prokr.co/corporate/acquisition,301,FALSE,FALSE,FALSE,FALSE
https://prokr.com/services/pest-control/municipality-certificate,https://prokr.co/services-page,301,FALSE,FALSE,FALSE,FALSE
https://prokr.com/deals/ac/ras-tanura,https://prokr.co/ras-tanura/air-conditioner-cleaning,301,FALSE,FALSE,FALSE,FALSE
https://prokr.com/emergency/leaks-plumbing/ras-tanura,https://prokr.co/ras-tanura/water-leak-detection,301,FALSE,FALSE,FALSE,FALSE
https://prokr.com/blog/water-leak-detection-thermal-imaging,https://prokr.co/blog,301,FALSE,FALSE,FALSE,FALSE
https://prokr.com/deals/painting-gypsum/al-majmah,https://prokr.co/majmaah,301,FALSE,FALSE,FALSE,FALSE
https://prokr.com/deals/carpentry/taif,https://prokr.co/taif,301,FALSE,FALSE,FALSE,FALSE
https://prokr.com/saudi/riyadh/moving/apartment-moving,https://prokr.co/riyadh/furniture-moving,301,FALSE,FALSE,FALSE,FALSE
https://prokr.com/deals/ac/jubail,https://prokr.co/jubail/air-conditioner-cleaning,301,FALSE,FALSE,FALSE,FALSE
https://prokr.com/deals/moving/jubail,https://prokr.co/jubail/furniture-moving,301,FALSE,FALSE,FALSE,FALSE
https://prokr.com/deals/electricity/jubail,https://prokr.co/jubail,301,FALSE,FALSE,FALSE,FALSE
https://prokr.com/deals/aluminum-glass/madinah,https://prokr.co/madinah,301,FALSE,FALSE,FALSE,FALSE
https://prokr.com/services/aluminum-glass/glass-facades,https://prokr.co/services-page,301,FALSE,FALSE,FALSE,FALSE
https://prokr.com/saudi/makkah/car-towing/luxury-car-transport,https://prokr.co/makkah,301,FALSE,FALSE,FALSE,FALSE
https://prokr.com/pricing/electricity/sayhat,https://prokr.co/corporate/acquisition,301,FALSE,FALSE,FALSE,FALSE
https://prokr.com/deals/cleaning/jubail,https://prokr.co/jubail/cleaning,301,FALSE,FALSE,FALSE,FALSE
https://prokr.com/pricing/cleaning/muhayil,https://prokr.co/corporate/acquisition,301,FALSE,FALSE,FALSE,FALSE
https://prokr.com/pricing/cleaning/tayma,https://prokr.co/corporate/acquisition,301,FALSE,FALSE,FALSE,FALSE
https://prokr.com/saudi/al-ahsa/leaks-plumbing,https://prokr.co/al-ahsa/water-leak-detection,301,FALSE,FALSE,FALSE,FALSE
https://prokr.com/saudi/tayma/pest-control,https://prokr.co/corporate/acquisition,301,FALSE,FALSE,FALSE,FALSE
https://prokr.com/pricing/cleaning/tabuk,https://prokr.co/tabuk/cleaning,301,FALSE,FALSE,FALSE,FALSE
https://prokr.com/pricing/moving/safwa,https://prokr.co/corporate/acquisition,301,FALSE,FALSE,FALSE,FALSE
https://prokr.com/deals/painting-gypsum/wadi-ad-dawasir,https://prokr.co/corporate/acquisition,301,FALSE,FALSE,FALSE,FALSE
https://prokr.com/pricing/landscaping/jeddah,https://prokr.co/jeddah/landscaping,301,FALSE,FALSE,FALSE,FALSE
https://prokr.com/saudi/makkah/appliances/washing-machines,https://prokr.co/makkah,301,FALSE,FALSE,FALSE,FALSE
https://prokr.com/emergency/ac/al-ahsa,https://prokr.co/al-ahsa/air-conditioner-cleaning,301,FALSE,FALSE,FALSE,FALSE
https://prokr.com/saudi/bisha/painting-gypsum,https://prokr.co/corporate/acquisition,301,FALSE,FALSE,FALSE,FALSE
https://prokr.com/saudi/jazan/carpentry,https://prokr.co/jazan,301,FALSE,FALSE,FALSE,FALSE
https://prokr.com/faq/moving/al-ahsa,https://prokr.co/al-ahsa/furniture-moving,301,FALSE,FALSE,FALSE,FALSE
https://prokr.com/deals/flooring/dammam,https://prokr.co/dammam,301,FALSE,FALSE,FALSE,FALSE
https://prokr.com/pricing/moving/makkah,https://prokr.co/makkah/furniture-moving,301,FALSE,FALSE,FALSE,FALSE
https://prokr.com/blog/deep-cleaning-guide-saudi-homes,https://prokr.co/blog,301,FALSE,FALSE,FALSE,FALSE
https://prokr.com/pricing/moving/jazan,https://prokr.co/jazan/furniture-moving,301,FALSE,FALSE,FALSE,FALSE
https://prokr.com/saudi/abha/carpentry,https://prokr.co/abha,301,FALSE,FALSE,FALSE,FALSE
https://prokr.com/pricing/moving/bisha,https://prokr.co/corporate/acquisition,301,FALSE,FALSE,FALSE,FALSE
https://prokr.com/pricing/leaks-plumbing/jeddah,https://prokr.co/jeddah/water-leak-detection,301,FALSE,FALSE,FALSE,FALSE
https://prokr.com/saudi/madinah/leaks-plumbing/tank-leaks,https://prokr.co/madinah/tank-leak-detection,301,FALSE,FALSE,FALSE,FALSE
https://prokr.com/faq/ac/hail,https://prokr.co/hail/air-conditioner-cleaning,301,FALSE,FALSE,FALSE,FALSE
https://prokr.com/saudi/madinah/electricity,https://prokr.co/madinah,301,FALSE,FALSE,FALSE,FALSE
https://prokr.com/saudi/riyadh/pest-control/ants,https://prokr.co/riyadh/ants-control,301,FALSE,FALSE,FALSE,FALSE
https://prokr.com/blog/termite-control-saudi-homes,https://prokr.co/blog,301,FALSE,FALSE,FALSE,FALSE
https://prokr.com/saudi/al-bahah/carpentry,https://prokr.co/al-baha,301,FALSE,FALSE,FALSE,FALSE
https://prokr.com/saudi/buraydah,https://prokr.co/buraidah,301,FALSE,FALSE,FALSE,FALSE
https://prokr.com/saudi/makkah/pest-control/general-spray,https://prokr.co/makkah/pesticide-spraying,301,FALSE,FALSE,FALSE,FALSE
https://prokr.com/blog/category/home-maintenance,https://prokr.co/blog,301,FALSE,FALSE,FALSE,FALSE
https://prokr.com/services/car-towing,https://prokr.co/services-page,301,FALSE,FALSE,FALSE,FALSE
https://prokr.com/saudi/madinah/painting-gypsum/gypsum-board,https://prokr.co/madinah,301,FALSE,FALSE,FALSE,FALSE
https://prokr.com/faq/cleaning/madinah,https://prokr.co/madinah/cleaning,301,FALSE,FALSE,FALSE,FALSE
https://prokr.com/faq/leaks-plumbing/duba,https://prokr.co/corporate/acquisition,301,FALSE,FALSE,FALSE,FALSE
https://prokr.com/saudi/riyadh/moving/moving-boxes,https://prokr.co/riyadh/furniture-packaging,301,FALSE,FALSE,FALSE,FALSE
https://prokr.com/saudi/dammam/leaks-plumbing/acoustic-leak-detection,https://prokr.co/dammam/water-leak-detection,301,FALSE,FALSE,FALSE,FALSE
https://prokr.com/saudi/hail,https://prokr.co/hail,301,FALSE,FALSE,FALSE,FALSE
https://prokr.com/saudi/makkah/landscaping/irrigation-systems,https://prokr.co/makkah/landscaping,301,FALSE,FALSE,FALSE,FALSE
https://prokr.com/deals/electricity/khobar,https://prokr.co/al-khobar,301,FALSE,FALSE,FALSE,FALSE
https://prokr.com/services/appliances,https://prokr.co/services-page,301,FALSE,FALSE,FALSE,FALSE
https://prokr.com/saudi/madinah/leaks-plumbing/pumps-valves,https://prokr.co/madinah/plumbing,301,FALSE,FALSE,FALSE,FALSE
https://prokr.com/saudi/jazan/moving,https://prokr.co/jazan/furniture-moving,301,FALSE,FALSE,FALSE,FALSE
https://prokr.com/saudi/jeddah/appliances/dryers,https://prokr.co/jeddah,301,FALSE,FALSE,FALSE,FALSE
https://prokr.com/emergency/leaks-plumbing/az-zulfi,https://prokr.co/corporate/acquisition,301,FALSE,FALSE,FALSE,FALSE
https://prokr.com/saudi/makkah/moving/storage,https://prokr.co/makkah/furniture-storage,301,FALSE,FALSE,FALSE,FALSE
https://prokr.com/faq/electricity/rabigh,https://prokr.co/rabigh,301,FALSE,FALSE,FALSE,FALSE
https://prokr.com/saudi/makkah/ac,https://prokr.co/makkah/air-conditioner-cleaning,301,FALSE,FALSE,FALSE,FALSE
https://prokr.com/saudi/khobar/cleaning,https://prokr.co/al-khobar/cleaning,301,FALSE,FALSE,FALSE,FALSE
https://prokr.com/saudi/najran/pest-control,https://prokr.co/najran/pest-control,301,FALSE,FALSE,FALSE,FALSE
https://prokr.com/saudi/qatif/cleaning,https://prokr.co/qatif/cleaning,301,FALSE,FALSE,FALSE,FALSE
https://prokr.com/pricing/ac/az-zulfi,https://prokr.co/corporate/acquisition,301,FALSE,FALSE,FALSE,FALSE
https://prokr.com/pricing/moving/al-lith,https://prokr.co/corporate/acquisition,301,FALSE,FALSE,FALSE,FALSE
https://prokr.com/deals/electricity/muhayil,https://prokr.co/corporate/acquisition,301,FALSE,FALSE,FALSE,FALSE
https://prokr.com/emergency/pest-control/abha,https://prokr.co/abha/pest-control,301,FALSE,FALSE,FALSE,FALSE
https://prokr.com/emergency/pest-control/arar,https://prokr.co/corporate/acquisition,301,FALSE,FALSE,FALSE,FALSE
https://prokr.com/deals/painting-gypsum/makkah,https://prokr.co/makkah,301,FALSE,FALSE,FALSE,FALSE
https://prokr.com/saudi/ras-tanura/carpentry,https://prokr.co/ras-tanura,301,FALSE,FALSE,FALSE,FALSE
https://prokr.com/saudi/hail/pest-control,https://prokr.co/hail/pest-control,301,FALSE,FALSE,FALSE,FALSE
https://prokr.com/blog/carpentry-services-saudi,https://prokr.co/blog,301,FALSE,FALSE,FALSE,FALSE
https://prokr.com/faq/moving/khamis-mushait,https://prokr.co/khamis-mushait/furniture-moving,301,FALSE,FALSE,FALSE,FALSE
https://prokr.com/saudi/riyadh/landscaping/lawn-mowing,https://prokr.co/riyadh/landscaping,301,FALSE,FALSE,FALSE,FALSE
https://prokr.com/services/insulation-roofs,https://prokr.co/services-page,301,FALSE,FALSE,FALSE,FALSE
https://prokr.com/pricing/leaks-plumbing/duba,https://prokr.co/corporate/acquisition,301,FALSE,FALSE,FALSE,FALSE
https://prokr.com/emergency/moving/dammam,https://prokr.co/dammam/furniture-moving,301,FALSE,FALSE,FALSE,FALSE
https://prokr.com/saudi/hail/moving,https://prokr.co/hail/furniture-moving,301,FALSE,FALSE,FALSE,FALSE
https://prokr.com/faq/insulation-roofs/madinah,https://prokr.co/madinah/roof-insulation,301,FALSE,FALSE,FALSE,FALSE
https://prokr.com/saudi/dammam/car-towing/intercity-towing,https://prokr.co/dammam,301,FALSE,FALSE,FALSE,FALSE
https://prokr.com/faq/painting-gypsum/ras-tanura,https://prokr.co/ras-tanura,301,FALSE,FALSE,FALSE,FALSE
https://prokr.com/saudi/madinah/cleaning/marble-polishing,https://prokr.co/madinah/marble-polishing,301,FALSE,FALSE,FALSE,FALSE
https://prokr.com/faq/leaks-plumbing/ras-tanura,https://prokr.co/ras-tanura/water-leak-detection,301,FALSE,FALSE,FALSE,FALSE
https://prokr.com/saudi/yanbu/moving,https://prokr.co/yanbu/furniture-moving,301,FALSE,FALSE,FALSE,FALSE
https://prokr.com/faq/leaks-plumbing/dammam,https://prokr.co/dammam/water-leak-detection,301,FALSE,FALSE,FALSE,FALSE
https://prokr.com/deals/carpentry/onaizah,https://prokr.co/onizah,301,FALSE,FALSE,FALSE,FALSE
https://prokr.com/pricing/leaks-plumbing/sakaka,https://prokr.co/corporate/acquisition,301,FALSE,FALSE,FALSE,FALSE
https://prokr.com/contact,https://prokr.co/contact-us,301,FALSE,FALSE,FALSE,FALSE
https://prokr.com/saudi/jeddah/aluminum-glass/shades-curtains,https://prokr.co/jeddah,301,FALSE,FALSE,FALSE,FALSE
https://prokr.com/deals/electricity/onaizah,https://prokr.co/onizah,301,FALSE,FALSE,FALSE,FALSE
https://prokr.com/pricing/carpentry/yanbu,https://prokr.co/yanbu,301,FALSE,FALSE,FALSE,FALSE
https://prokr.com/saudi/riyadh/flooring/parquet-vinyl,https://prokr.co/riyadh,301,FALSE,FALSE,FALSE,FALSE
https://prokr.com/emergency/pest-control/onaizah,https://prokr.co/onizah/pest-control,301,FALSE,FALSE,FALSE,FALSE
https://prokr.com/saudi/dammam/appliances,https://prokr.co/dammam,301,FALSE,FALSE,FALSE,FALSE
https://prokr.com/faq/leaks-plumbing/al-bahah,https://prokr.co/al-baha/water-leak-detection,301,FALSE,FALSE,FALSE,FALSE
https://prokr.com/services/pest-control/annual-contracts,https://prokr.co/services-page,301,FALSE,FALSE,FALSE,FALSE
https://prokr.com/faq/cleaning/makkah,https://prokr.co/makkah/cleaning,301,FALSE,FALSE,FALSE,FALSE
https://prokr.com/emergency/leaks-plumbing/umluj,https://prokr.co/corporate/acquisition,301,FALSE,FALSE,FALSE,FALSE
https://prokr.com/saudi/makkah/cleaning,https://prokr.co/makkah/cleaning,301,FALSE,FALSE,FALSE,FALSE
https://prokr.com/faq/moving/umluj,https://prokr.co/corporate/acquisition,301,FALSE,FALSE,FALSE,FALSE
https://prokr.com/pricing/leaks-plumbing/onaizah,https://prokr.co/onizah/water-leak-detection,301,FALSE,FALSE,FALSE,FALSE
https://prokr.com/saudi/dammam/cleaning/tank-cleaning,https://prokr.co/dammam/tanks-cleaning,301,FALSE,FALSE,FALSE,FALSE
https://prokr.com/faq/moving/wadi-ad-dawasir,https://prokr.co/corporate/acquisition,301,FALSE,FALSE,FALSE,FALSE
https://prokr.com/blog/category/moving-tips,https://prokr.co/blog,301,FALSE,FALSE,FALSE,FALSE
https://prokr.com/faq/carpentry/najran,https://prokr.co/najran,301,FALSE,FALSE,FALSE,FALSE
https://prokr.com/saudi/madinah/flooring/parquet-vinyl,https://prokr.co/madinah,301,FALSE,FALSE,FALSE,FALSE
https://prokr.com/faq/leaks-plumbing/al-lith,https://prokr.co/corporate/acquisition,301,FALSE,FALSE,FALSE,FALSE
https://prokr.com/emergency/moving/al-ahsa,https://prokr.co/al-ahsa/furniture-moving,301,FALSE,FALSE,FALSE,FALSE
https://prokr.com/saudi/makkah/moving/insurance-warranty,https://prokr.co/makkah/furniture-moving,301,FALSE,FALSE,FALSE,FALSE
https://prokr.com/emergency/leaks-plumbing/hail,https://prokr.co/hail/water-leak-detection,301,FALSE,FALSE,FALSE,FALSE
https://prokr.com/services/landscaping/lawn-mowing,https://prokr.co/services-page,301,FALSE,FALSE,FALSE,FALSE
https://prokr.com/saudi/dammam/cleaning/marble-polishing,https://prokr.co/dammam/marble-polishing,301,FALSE,FALSE,FALSE,FALSE
https://prokr.com/saudi/tabuk/pest-control,https://prokr.co/tabuk/pest-control,301,FALSE,FALSE,FALSE,FALSE
https://prokr.com/saudi/jeddah/pest-control/annual-contracts,https://prokr.co/jeddah/pest-control,301,FALSE,FALSE,FALSE,FALSE
https://prokr.com/saudi/dammam/car-towing,https://prokr.co/dammam,301,FALSE,FALSE,FALSE,FALSE
https://prokr.com/saudi/riyadh/pest-control/annual-contracts,https://prokr.co/riyadh/pest-control,301,FALSE,FALSE,FALSE,FALSE
https://prokr.com/services/ac/unit-relocation,https://prokr.co/services-page,301,FALSE,FALSE,FALSE,FALSE
https://prokr.com/pricing/cleaning/taif,https://prokr.co/taif/cleaning,301,FALSE,FALSE,FALSE,FALSE
https://prokr.com/faq/carpentry/sakaka,https://prokr.co/corporate/acquisition,301,FALSE,FALSE,FALSE,FALSE
https://prokr.com/deals/carpentry/muhayil,https://prokr.co/corporate/acquisition,301,FALSE,FALSE,FALSE,FALSE
https://prokr.com/faq/leaks-plumbing/arar,https://prokr.co/corporate/acquisition,301,FALSE,FALSE,FALSE,FALSE
https://prokr.com/blog/ac-maintenance-before-summer-saudi,https://prokr.co/blog,301,FALSE,FALSE,FALSE,FALSE
https://prokr.com/saudi/al-bahah/painting-gypsum,https://prokr.co/al-baha,301,FALSE,FALSE,FALSE,FALSE
https://prokr.com/saudi/az-zulfi/leaks-plumbing,https://prokr.co/corporate/acquisition,301,FALSE,FALSE,FALSE,FALSE
https://prokr.com/pricing/electricity/al-lith,https://prokr.co/corporate/acquisition,301,FALSE,FALSE,FALSE,FALSE
https://prokr.com/coverage,https://prokr.co/locations,301,FALSE,FALSE,FALSE,FALSE
https://prokr.com/faq/leaks-plumbing/abha,https://prokr.co/abha/water-leak-detection,301,FALSE,FALSE,FALSE,FALSE
https://prokr.com/pricing/leaks-plumbing/arar,https://prokr.co/corporate/acquisition,301,FALSE,FALSE,FALSE,FALSE
https://prokr.com/faq/electricity/al-lith,https://prokr.co/corporate/acquisition,301,FALSE,FALSE,FALSE,FALSE
https://prokr.com/pricing/leaks-plumbing/abha,https://prokr.co/abha/water-leak-detection,301,FALSE,FALSE,FALSE,FALSE
https://prokr.com/saudi/madinah/moving/moving-boxes,https://prokr.co/madinah/furniture-packaging,301,FALSE,FALSE,FALSE,FALSE
https://prokr.com/saudi/makkah/flooring/parquet-vinyl,https://prokr.co/makkah,301,FALSE,FALSE,FALSE,FALSE
https://prokr.com/saudi/jeddah/carpentry,https://prokr.co/jeddah,301,FALSE,FALSE,FALSE,FALSE
https://prokr.com/saudi/dammam/moving/villa-moving,https://prokr.co/dammam/furniture-moving,301,FALSE,FALSE,FALSE,FALSE
https://prokr.com/deals/carpentry/wadi-ad-dawasir,https://prokr.co/corporate/acquisition,301,FALSE,FALSE,FALSE,FALSE
https://prokr.com/saudi/jeddah/pest-control/rodents,https://prokr.co/jeddah/rodent-control,301,FALSE,FALSE,FALSE,FALSE
https://prokr.com/saudi/jeddah/insulation-roofs/thermal-insulation,https://prokr.co/jeddah/thermal-insulation,301,FALSE,FALSE,FALSE,FALSE
https://prokr.com/saudi/tayma/electricity,https://prokr.co/corporate/acquisition,301,FALSE,FALSE,FALSE,FALSE
https://prokr.com/services/appliances/refrigerators,https://prokr.co/services-page,301,FALSE,FALSE,FALSE,FALSE
https://prokr.com/pricing/painting-gypsum/az-zulfi,https://prokr.co/corporate/acquisition,301,FALSE,FALSE,FALSE,FALSE
https://prokr.com/saudi/dammam/pest-control/annual-contracts,https://prokr.co/dammam/pest-control,301,FALSE,FALSE,FALSE,FALSE
https://prokr.com/faq/leaks-plumbing/hafr-al-batin,https://prokr.co/hafr-albatin/water-leak-detection,301,FALSE,FALSE,FALSE,FALSE
https://prokr.com/pricing/ac/dhahran,https://prokr.co/dhahran/air-conditioner-cleaning,301,FALSE,FALSE,FALSE,FALSE
https://prokr.com/saudi/makkah/painting-gypsum/gypsum-board,https://prokr.co/makkah,301,FALSE,FALSE,FALSE,FALSE
https://prokr.com/emergency/pest-control/dammam,https://prokr.co/dammam/pest-control,301,FALSE,FALSE,FALSE,FALSE
https://prokr.com/deals/carpentry/safwa,https://prokr.co/corporate/acquisition,301,FALSE,FALSE,FALSE,FALSE
https://prokr.com/deals/aluminum-glass/dammam,https://prokr.co/dammam,301,FALSE,FALSE,FALSE,FALSE
https://prokr.com/saudi/makkah/carpentry,https://prokr.co/makkah,301,FALSE,FALSE,FALSE,FALSE
https://prokr.com/services/insulation-roofs/thermal-insulation,https://prokr.co/services-page,301,FALSE,FALSE,FALSE,FALSE
https://prokr.com/saudi/umluj/cleaning,https://prokr.co/corporate/acquisition,301,FALSE,FALSE,FALSE,FALSE
https://prokr.com/deals/carpentry/qatif,https://prokr.co/qatif,301,FALSE,FALSE,FALSE,FALSE
https://prokr.com/saudi/madinah/moving/furniture-packing,https://prokr.co/madinah/furniture-packaging,301,FALSE,FALSE,FALSE,FALSE
https://prokr.com/emergency/pest-control/duba,https://prokr.co/corporate/acquisition,301,FALSE,FALSE,FALSE,FALSE
https://prokr.com/blog/saudi-majlis-cleaning-guide,https://prokr.co/blog,301,FALSE,FALSE,FALSE,FALSE
https://prokr.com/saudi/jeddah/painting-gypsum/decor,https://prokr.co/jeddah,301,FALSE,FALSE,FALSE,FALSE
https://prokr.com/saudi/umluj/carpentry,https://prokr.co/corporate/acquisition,301,FALSE,FALSE,FALSE,FALSE
https://prokr.com/deals/landscaping/makkah,https://prokr.co/makkah/landscaping,301,FALSE,FALSE,FALSE,FALSE
https://prokr.com/deals/carpentry/tabuk,https://prokr.co/tabuk,301,FALSE,FALSE,FALSE,FALSE
https://prokr.com/saudi/riyadh/painting-gypsum/gypsum-board,https://prokr.co/riyadh,301,FALSE,FALSE,FALSE,FALSE
https://prokr.com/services/carpentry/furniture-repair,https://prokr.co/services-page,301,FALSE,FALSE,FALSE,FALSE
https://prokr.com/deals/carpentry/tayma,https://prokr.co/corporate/acquisition,301,FALSE,FALSE,FALSE,FALSE
https://prokr.com/services/leaks-plumbing/thermal-leak-detection,https://prokr.co/services-page,301,FALSE,FALSE,FALSE,FALSE
https://prokr.com/saudi/makkah/painting-gypsum/decor,https://prokr.co/makkah,301,FALSE,FALSE,FALSE,FALSE
https://prokr.com/deals/leaks-plumbing/buraydah,https://prokr.co/buraidah/water-leak-detection,301,FALSE,FALSE,FALSE,FALSE
https://prokr.com/pricing/moving/al-bahah,https://prokr.co/al-baha/furniture-moving,301,FALSE,FALSE,FALSE,FALSE
https://prokr.com/saudi/dhahran/electricity,https://prokr.co/dhahran,301,FALSE,FALSE,FALSE,FALSE
https://prokr.com/pricing/painting-gypsum/riyadh,https://prokr.co/riyadh,301,FALSE,FALSE,FALSE,FALSE
https://prokr.com/deals/electricity/sakaka,https://prokr.co/corporate/acquisition,301,FALSE,FALSE,FALSE,FALSE
https://prokr.com/pricing/carpentry/jeddah,https://prokr.co/jeddah,301,FALSE,FALSE,FALSE,FALSE
https://prokr.com/saudi/jeddah/painting-gypsum/wallpaper,https://prokr.co/jeddah,301,FALSE,FALSE,FALSE,FALSE
https://prokr.com/saudi/al-ahsa,https://prokr.co/al-ahsa,301,FALSE,FALSE,FALSE,FALSE
https://prokr.com/saudi/makkah/flooring/marble-granite,https://prokr.co/makkah,301,FALSE,FALSE,FALSE,FALSE
https://prokr.com/faq/pest-control/buraydah,https://prokr.co/buraidah/pest-control,301,FALSE,FALSE,FALSE,FALSE
https://prokr.com/pricing/electricity/al-ahsa,https://prokr.co/al-ahsa,301,FALSE,FALSE,FALSE,FALSE
https://prokr.com/faq/ac/abha,https://prokr.co/abha/air-conditioner-cleaning,301,FALSE,FALSE,FALSE,FALSE
https://prokr.com/faq/appliances/dammam,https://prokr.co/dammam,301,FALSE,FALSE,FALSE,FALSE
https://prokr.com/faq/ac/jubail,https://prokr.co/jubail/air-conditioner-cleaning,301,FALSE,FALSE,FALSE,FALSE
https://prokr.com/emergency/leaks-plumbing/duba,https://prokr.co/corporate/acquisition,301,FALSE,FALSE,FALSE,FALSE
https://prokr.com/saudi/al-bahah/moving,https://prokr.co/al-baha/furniture-moving,301,FALSE,FALSE,FALSE,FALSE
https://prokr.com/faq/ac/arar,https://prokr.co/corporate/acquisition,301,FALSE,FALSE,FALSE,FALSE
https://prokr.com/pricing/painting-gypsum/jazan,https://prokr.co/jazan,301,FALSE,FALSE,FALSE,FALSE
https://prokr.com/deals/leaks-plumbing/alqunfudhah,https://prokr.co/corporate/acquisition,301,FALSE,FALSE,FALSE,FALSE
https://prokr.com/deals/electricity/najran,https://prokr.co/najran,301,FALSE,FALSE,FALSE,FALSE
https://prokr.com/pricing/moving/madinah,https://prokr.co/madinah/furniture-moving,301,FALSE,FALSE,FALSE,FALSE
https://prokr.com/services/leaks-plumbing/pumps-valves,https://prokr.co/services-page,301,FALSE,FALSE,FALSE,FALSE
https://prokr.com/saudi/riyadh/painting-gypsum,https://prokr.co/riyadh,301,FALSE,FALSE,FALSE,FALSE
https://prokr.com/emergency/moving/dhahran,https://prokr.co/dhahran/furniture-moving,301,FALSE,FALSE,FALSE,FALSE
https://prokr.com/saudi/madinah/aluminum-glass/aluminum-windows-doors,https://prokr.co/madinah,301,FALSE,FALSE,FALSE,FALSE
https://prokr.com/faq/insulation-roofs/makkah,https://prokr.co/makkah/roof-insulation,301,FALSE,FALSE,FALSE,FALSE
https://prokr.com/saudi/riyadh/leaks-plumbing/bathroom-kitchen-waterproofing,https://prokr.co/riyadh/bathroom-leak-detection,301,FALSE,FALSE,FALSE,FALSE
https://prokr.com/pricing/moving/dammam,https://prokr.co/dammam/furniture-moving,301,FALSE,FALSE,FALSE,FALSE
https://prokr.com/deals/flooring/makkah,https://prokr.co/makkah,301,FALSE,FALSE,FALSE,FALSE
https://prokr.com/saudi/riyadh/moving/villa-moving,https://prokr.co/riyadh/furniture-moving,301,FALSE,FALSE,FALSE,FALSE
https://prokr.com/emergency/ac/al-bahah,https://prokr.co/al-baha/air-conditioner-cleaning,301,FALSE,FALSE,FALSE,FALSE
https://prokr.com/pricing/ac/al-ahsa,https://prokr.co/al-ahsa/air-conditioner-cleaning,301,FALSE,FALSE,FALSE,FALSE
https://prokr.com/services/moving/disassembly-assembly,https://prokr.co/services-page,301,FALSE,FALSE,FALSE,FALSE
https://prokr.com/saudi/dammam/ac/ac-installation,https://prokr.co/dammam/ac-installation,301,FALSE,FALSE,FALSE,FALSE
https://prokr.com/deals/painting-gypsum/yanbu,https://prokr.co/yanbu,301,FALSE,FALSE,FALSE,FALSE
https://prokr.com/saudi/riyadh/insulation-roofs,https://prokr.co/riyadh/roof-insulation,301,FALSE,FALSE,FALSE,FALSE
https://prokr.com/pricing/electricity/al-majmah,https://prokr.co/majmaah,301,FALSE,FALSE,FALSE,FALSE
https://prokr.com/services/electricity/cctv-systems,https://prokr.co/services-page,301,FALSE,FALSE,FALSE,FALSE
https://prokr.com/saudi/tabuk/leaks-plumbing,https://prokr.co/tabuk/water-leak-detection,301,FALSE,FALSE,FALSE,FALSE
https://prokr.com/deals/painting-gypsum/onaizah,https://prokr.co/onizah,301,FALSE,FALSE,FALSE,FALSE
https://prokr.com/pricing/carpentry/onaizah,https://prokr.co/onizah,301,FALSE,FALSE,FALSE,FALSE
https://prokr.com/deals/ac/muhayil,https://prokr.co/corporate/acquisition,301,FALSE,FALSE,FALSE,FALSE
https://prokr.com/blog/home-landscaping-water-saving,https://prokr.co/blog,301,FALSE,FALSE,FALSE,FALSE
https://prokr.com/deals/cleaning/hafr-al-batin,https://prokr.co/hafr-albatin/cleaning,301,FALSE,FALSE,FALSE,FALSE
https://prokr.com/faq/electricity/al-ahsa,https://prokr.co/al-ahsa,301,FALSE,FALSE,FALSE,FALSE
https://prokr.com/saudi/dammam/moving/apartment-moving,https://prokr.co/dammam/furniture-moving,301,FALSE,FALSE,FALSE,FALSE
https://prokr.com/faq/painting-gypsum/alqunfudhah,https://prokr.co/corporate/acquisition,301,FALSE,FALSE,FALSE,FALSE
https://prokr.com/emergency/pest-control/hail,https://prokr.co/hail/pest-control,301,FALSE,FALSE,FALSE,FALSE
https://prokr.com/pricing/electricity/az-zulfi,https://prokr.co/corporate/acquisition,301,FALSE,FALSE,FALSE,FALSE
https://prokr.com/pricing/pest-control/al-majmah,https://prokr.co/majmaah/pest-control,301,FALSE,FALSE,FALSE,FALSE
https://prokr.com/saudi/arar/cleaning,https://prokr.co/corporate/acquisition,301,FALSE,FALSE,FALSE,FALSE
https://prokr.com/saudi/tabuk/carpentry,https://prokr.co/tabuk,301,FALSE,FALSE,FALSE,FALSE
https://prokr.com/saudi/riyadh/aluminum-glass/shades-curtains,https://prokr.co/riyadh,301,FALSE,FALSE,FALSE,FALSE
https://prokr.com/faq/cleaning/al-lith,https://prokr.co/corporate/acquisition,301,FALSE,FALSE,FALSE,FALSE
https://prokr.com/deals/electricity/hail,https://prokr.co/hail,301,FALSE,FALSE,FALSE,FALSE
https://prokr.com/faq/pest-control/alqunfudhah,https://prokr.co/corporate/acquisition,301,FALSE,FALSE,FALSE,FALSE
https://prokr.com/saudi/yanbu/leaks-plumbing,https://prokr.co/yanbu/water-leak-detection,301,FALSE,FALSE,FALSE,FALSE
https://prokr.com/deals/carpentry/umluj,https://prokr.co/corporate/acquisition,301,FALSE,FALSE,FALSE,FALSE
https://prokr.com/emergency/leaks-plumbing/arar,https://prokr.co/corporate/acquisition,301,FALSE,FALSE,FALSE,FALSE
https://prokr.com/saudi/wadi-ad-dawasir/moving,https://prokr.co/corporate/acquisition,301,FALSE,FALSE,FALSE,FALSE
https://prokr.com/saudi/qatif/painting-gypsum,https://prokr.co/qatif,301,FALSE,FALSE,FALSE,FALSE
https://prokr.com/saudi/dammam/car-towing/city-towing,https://prokr.co/dammam,301,FALSE,FALSE,FALSE,FALSE
https://prokr.com/saudi/madinah/landscaping,https://prokr.co/madinah/landscaping,301,FALSE,FALSE,FALSE,FALSE
https://prokr.com/faq/moving/onaizah,https://prokr.co/onizah/furniture-moving,301,FALSE,FALSE,FALSE,FALSE
https://prokr.com/deals/carpentry/sayhat,https://prokr.co/corporate/acquisition,301,FALSE,FALSE,FALSE,FALSE
https://prokr.com/faq/ac/duba,https://prokr.co/corporate/acquisition,301,FALSE,FALSE,FALSE,FALSE
https://prokr.com/emergency/leaks-plumbing/abha,https://prokr.co/abha/water-leak-detection,301,FALSE,FALSE,FALSE,FALSE
https://prokr.com/saudi/jeddah/leaks-plumbing/acoustic-leak-detection,https://prokr.co/jeddah/water-leak-detection,301,FALSE,FALSE,FALSE,FALSE
https://prokr.com/saudi/madinah/painting-gypsum/wallpaper,https://prokr.co/madinah,301,FALSE,FALSE,FALSE,FALSE
https://prokr.com/emergency/ac/onaizah,https://prokr.co/onizah/air-conditioner-cleaning,301,FALSE,FALSE,FALSE,FALSE
https://prokr.com/faq/carpentry/madinah,https://prokr.co/madinah,301,FALSE,FALSE,FALSE,FALSE
https://prokr.com/faq/electricity/jazan,https://prokr.co/jazan,301,FALSE,FALSE,FALSE,FALSE
https://prokr.com/deals/painting-gypsum/muhayil,https://prokr.co/corporate/acquisition,301,FALSE,FALSE,FALSE,FALSE
https://prokr.com/saudi/muhayil/moving,https://prokr.co/corporate/acquisition,301,FALSE,FALSE,FALSE,FALSE
https://prokr.com/pricing/carpentry/muhayil,https://prokr.co/corporate/acquisition,301,FALSE,FALSE,FALSE,FALSE
https://prokr.com/deals/cleaning/khamis-mushait,https://prokr.co/khamis-mushait/cleaning,301,FALSE,FALSE,FALSE,FALSE
https://prokr.com/pricing/cleaning/jubail,https://prokr.co/jubail/cleaning,301,FALSE,FALSE,FALSE,FALSE
https://prokr.com/pricing/electricity/hafr-al-batin,https://prokr.co/hafr-albatin,301,FALSE,FALSE,FALSE,FALSE
https://prokr.com/saudi/dammam/moving/moving-boxes,https://prokr.co/dammam/furniture-packaging,301,FALSE,FALSE,FALSE,FALSE
https://prokr.com/saudi/sayhat/pest-control,https://prokr.co/corporate/acquisition,301,FALSE,FALSE,FALSE,FALSE
https://prokr.com/deals/painting-gypsum/rabigh,https://prokr.co/rabigh,301,FALSE,FALSE,FALSE,FALSE
https://prokr.com/pricing/pest-control/dammam,https://prokr.co/dammam/pest-control,301,FALSE,FALSE,FALSE,FALSE
https://prokr.com/services/insulation-roofs/cracks-treatment,https://prokr.co/services-page,301,FALSE,FALSE,FALSE,FALSE
https://prokr.com/faq/leaks-plumbing/hail,https://prokr.co/hail/water-leak-detection,301,FALSE,FALSE,FALSE,FALSE
https://prokr.com/faq/carpentry/khobar,https://prokr.co/al-khobar,301,FALSE,FALSE,FALSE,FALSE
https://prokr.com/saudi/makkah/insulation-roofs/cracks-treatment,https://prokr.co/makkah/roof-insulation,301,FALSE,FALSE,FALSE,FALSE
https://prokr.com/faq/painting-gypsum/buraydah,https://prokr.co/buraidah,301,FALSE,FALSE,FALSE,FALSE
https://prokr.com/saudi/sayhat/electricity,https://prokr.co/corporate/acquisition,301,FALSE,FALSE,FALSE,FALSE
https://prokr.com/saudi/jeddah/landscaping/garden-design,https://prokr.co/jeddah/landscaping,301,FALSE,FALSE,FALSE,FALSE
https://prokr.com/saudi/al-majmah/pest-control,https://prokr.co/majmaah/pest-control,301,FALSE,FALSE,FALSE,FALSE
https://prokr.com/pricing/appliances/madinah,https://prokr.co/madinah,301,FALSE,FALSE,FALSE,FALSE
https://prokr.com/pricing/leaks-plumbing/wadi-ad-dawasir,https://prokr.co/corporate/acquisition,301,FALSE,FALSE,FALSE,FALSE
https://prokr.com/pricing/flooring/dammam,https://prokr.co/dammam,301,FALSE,FALSE,FALSE,FALSE
https://prokr.com/saudi/makkah/leaks-plumbing/pumps-valves,https://prokr.co/makkah/plumbing,301,FALSE,FALSE,FALSE,FALSE
https://prokr.com/faq/painting-gypsum/sayhat,https://prokr.co/corporate/acquisition,301,FALSE,FALSE,FALSE,FALSE
https://prokr.com/faq/leaks-plumbing/wadi-ad-dawasir,https://prokr.co/corporate/acquisition,301,FALSE,FALSE,FALSE,FALSE
https://prokr.com/services/cleaning/deep-cleaning,https://prokr.co/services-page,301,FALSE,FALSE,FALSE,FALSE
https://prokr.com/saudi/riyadh/electricity,https://prokr.co/riyadh,301,FALSE,FALSE,FALSE,FALSE
https://prokr.com/saudi/jubail/moving,https://prokr.co/jubail/furniture-moving,301,FALSE,FALSE,FALSE,FALSE
https://prokr.com/saudi/jeddah/aluminum-glass/aluminum-windows-doors,https://prokr.co/jeddah,301,FALSE,FALSE,FALSE,FALSE
https://prokr.com/faq/leaks-plumbing/madinah,https://prokr.co/madinah/water-leak-detection,301,FALSE,FALSE,FALSE,FALSE
https://prokr.com/saudi/riyadh/electricity/wiring-lighting,https://prokr.co/riyadh,301,FALSE,FALSE,FALSE,FALSE
https://prokr.com/services/ac,https://prokr.co/services-page,301,FALSE,FALSE,FALSE,FALSE
https://prokr.com/pricing/insulation-roofs/dammam,https://prokr.co/dammam/roof-insulation,301,FALSE,FALSE,FALSE,FALSE
https://prokr.com/saudi/makkah/leaks-plumbing/tank-leaks,https://prokr.co/makkah/tank-leak-detection,301,FALSE,FALSE,FALSE,FALSE
https://prokr.com/faq/painting-gypsum/dhahran,https://prokr.co/dhahran,301,FALSE,FALSE,FALSE,FALSE
https://prokr.com/saudi/buraydah/leaks-plumbing,https://prokr.co/buraidah/water-leak-detection,301,FALSE,FALSE,FALSE,FALSE
https://prokr.com/saudi/makkah/moving/disassembly-assembly,https://prokr.co/makkah/furniture-moving,301,FALSE,FALSE,FALSE,FALSE
https://prokr.com/pricing/ac/alqunfudhah,https://prokr.co/corporate/acquisition,301,FALSE,FALSE,FALSE,FALSE
https://prokr.com/pricing/pest-control/umluj,https://prokr.co/corporate/acquisition,301,FALSE,FALSE,FALSE,FALSE
https://prokr.com/saudi/madinah/appliances,https://prokr.co/madinah,301,FALSE,FALSE,FALSE,FALSE
https://prokr.com/pricing/leaks-plumbing/hail,https://prokr.co/hail/water-leak-detection,301,FALSE,FALSE,FALSE,FALSE
https://prokr.com/saudi/onaizah/electricity,https://prokr.co/onizah,301,FALSE,FALSE,FALSE,FALSE
https://prokr.com/faq/pest-control/dammam,https://prokr.co/dammam/pest-control,301,FALSE,FALSE,FALSE,FALSE
https://prokr.com/emergency/pest-control/alqunfudhah,https://prokr.co/corporate/acquisition,301,FALSE,FALSE,FALSE,FALSE
https://prokr.com/services/cleaning/carpet-rug,https://prokr.co/services-page,301,FALSE,FALSE,FALSE,FALSE
https://prokr.com/saudi/makkah/aluminum-glass,https://prokr.co/makkah,301,FALSE,FALSE,FALSE,FALSE
https://prokr.com/saudi/al-ahsa/electricity,https://prokr.co/al-ahsa,301,FALSE,FALSE,FALSE,FALSE
https://prokr.com/faq/ac/buraydah,https://prokr.co/buraidah/air-conditioner-cleaning,301,FALSE,FALSE,FALSE,FALSE
https://prokr.com/pricing/landscaping/riyadh,https://prokr.co/riyadh/landscaping,301,FALSE,FALSE,FALSE,FALSE
https://prokr.com/saudi/al-bahah/electricity,https://prokr.co/al-baha,301,FALSE,FALSE,FALSE,FALSE
https://prokr.com/saudi/wadi-ad-dawasir/pest-control,https://prokr.co/corporate/acquisition,301,FALSE,FALSE,FALSE,FALSE
https://prokr.com/saudi/duba/ac,https://prokr.co/corporate/acquisition,301,FALSE,FALSE,FALSE,FALSE
https://prokr.com/saudi/dhahran/carpentry,https://prokr.co/dhahran,301,FALSE,FALSE,FALSE,FALSE
https://prokr.com/faq/electricity/makkah,https://prokr.co/makkah,301,FALSE,FALSE,FALSE,FALSE
https://prokr.com/saudi/makkah/moving/office-moving,https://prokr.co/makkah/furniture-moving,301,FALSE,FALSE,FALSE,FALSE
https://prokr.com/deals/ac/khobar,https://prokr.co/al-khobar/air-conditioner-cleaning,301,FALSE,FALSE,FALSE,FALSE
https://prokr.com/saudi/madinah/cleaning,https://prokr.co/madinah/cleaning,301,FALSE,FALSE,FALSE,FALSE
https://prokr.com/emergency/moving/hafr-al-batin,https://prokr.co/hafr-albatin/furniture-moving,301,FALSE,FALSE,FALSE,FALSE
https://prokr.com/saudi/dammam/carpentry/kitchen-cabinets,https://prokr.co/dammam,301,FALSE,FALSE,FALSE,FALSE
https://prokr.com/saudi/dammam/pest-control,https://prokr.co/dammam/pest-control,301,FALSE,FALSE,FALSE,FALSE
https://prokr.com/saudi/khobar/leaks-plumbing,https://prokr.co/al-khobar/water-leak-detection,301,FALSE,FALSE,FALSE,FALSE
https://prokr.com/deals/pest-control/dammam,https://prokr.co/dammam/pest-control,301,FALSE,FALSE,FALSE,FALSE
https://prokr.com/pricing/leaks-plumbing/safwa,https://prokr.co/corporate/acquisition,301,FALSE,FALSE,FALSE,FALSE
https://prokr.com/deals/moving/khobar,https://prokr.co/al-khobar/furniture-moving,301,FALSE,FALSE,FALSE,FALSE
https://prokr.com/saudi/buraydah/painting-gypsum,https://prokr.co/buraidah,301,FALSE,FALSE,FALSE,FALSE
https://prokr.com/saudi/madinah/cleaning/hourly-cleaning,https://prokr.co/madinah/hourly-cleaning,301,FALSE,FALSE,FALSE,FALSE
https://prokr.com/saudi/buraydah/cleaning,https://prokr.co/buraidah/cleaning,301,FALSE,FALSE,FALSE,FALSE
https://prokr.com/saudi/al-ahsa/painting-gypsum,https://prokr.co/al-ahsa,301,FALSE,FALSE,FALSE,FALSE
https://prokr.com/deals/cleaning/khobar,https://prokr.co/al-khobar/cleaning,301,FALSE,FALSE,FALSE,FALSE
https://prokr.com/saudi/riyadh/insulation-roofs/foam-bitumen,https://prokr.co/riyadh/foam-insulation,301,FALSE,FALSE,FALSE,FALSE
https://prokr.com/faq/painting-gypsum/al-bahah,https://prokr.co/al-baha,301,FALSE,FALSE,FALSE,FALSE
https://prokr.com/pricing/cleaning/onaizah,https://prokr.co/onizah/cleaning,301,FALSE,FALSE,FALSE,FALSE
https://prokr.com/saudi/dammam/landscaping/irrigation-systems,https://prokr.co/dammam/landscaping,301,FALSE,FALSE,FALSE,FALSE
https://prokr.com/saudi/jeddah/insulation-roofs/foam-bitumen,https://prokr.co/jeddah/foam-insulation,301,FALSE,FALSE,FALSE,FALSE
https://prokr.com/emergency/ac/abha,https://prokr.co/abha/air-conditioner-cleaning,301,FALSE,FALSE,FALSE,FALSE
https://prokr.com/saudi/madinah/car-towing/intercity-towing,https://prokr.co/madinah,301,FALSE,FALSE,FALSE,FALSE
https://prokr.com/services/pest-control/termites,https://prokr.co/services-page,301,FALSE,FALSE,FALSE,FALSE
https://prokr.com/saudi/tayma/moving,https://prokr.co/corporate/acquisition,301,FALSE,FALSE,FALSE,FALSE
https://prokr.com/emergency/ac/arar,https://prokr.co/corporate/acquisition,301,FALSE,FALSE,FALSE,FALSE
https://prokr.com/services/insulation-roofs/foam-bitumen,https://prokr.co/services-page,301,FALSE,FALSE,FALSE,FALSE
https://prokr.com/faq/electricity/abha,https://prokr.co/abha,301,FALSE,FALSE,FALSE,FALSE
https://prokr.com/pricing/leaks-plumbing/bisha,https://prokr.co/corporate/acquisition,301,FALSE,FALSE,FALSE,FALSE
https://prokr.com/saudi/abha/painting-gypsum,https://prokr.co/abha,301,FALSE,FALSE,FALSE,FALSE
https://prokr.com/faq/electricity/arar,https://prokr.co/corporate/acquisition,301,FALSE,FALSE,FALSE,FALSE
https://prokr.com/pricing/leaks-plumbing/jazan,https://prokr.co/jazan/water-leak-detection,301,FALSE,FALSE,FALSE,FALSE
https://prokr.com/saudi/madinah/moving/villa-moving,https://prokr.co/madinah/furniture-moving,301,FALSE,FALSE,FALSE,FALSE
https://prokr.com/deals/painting-gypsum/bisha,https://prokr.co/corporate/acquisition,301,FALSE,FALSE,FALSE,FALSE
https://prokr.com/saudi/madinah/insulation-roofs,https://prokr.co/madinah/roof-insulation,301,FALSE,FALSE,FALSE,FALSE
https://prokr.com/saudi/jeddah/appliances/washing-machines,https://prokr.co/jeddah,301,FALSE,FALSE,FALSE,FALSE
https://prokr.com/saudi/ras-tanura/cleaning,https://prokr.co/ras-tanura/cleaning,301,FALSE,FALSE,FALSE,FALSE
https://prokr.com/deals/moving/riyadh,https://prokr.co/riyadh/furniture-moving,301,FALSE,FALSE,FALSE,FALSE
https://prokr.com/saudi/safwa/pest-control,https://prokr.co/corporate/acquisition,301,FALSE,FALSE,FALSE,FALSE
https://prokr.com/saudi/umluj/leaks-plumbing,https://prokr.co/corporate/acquisition,301,FALSE,FALSE,FALSE,FALSE
https://prokr.com/faq/aluminum-glass/riyadh,https://prokr.co/riyadh,301,FALSE,FALSE,FALSE,FALSE
https://prokr.com/saudi/madinah/cleaning/sanitization,https://prokr.co/madinah/sanitization,301,FALSE,FALSE,FALSE,FALSE
https://prokr.com/deals/leaks-plumbing/onaizah,https://prokr.co/onizah/water-leak-detection,301,FALSE,FALSE,FALSE,FALSE
https://prokr.com/faq/moving/duba,https://prokr.co/corporate/acquisition,301,FALSE,FALSE,FALSE,FALSE
https://prokr.com/deals/ac/riyadh,https://prokr.co/riyadh/air-conditioner-cleaning,301,FALSE,FALSE,FALSE,FALSE
https://prokr.com/saudi/riyadh/cleaning,https://prokr.co/riyadh/cleaning,301,FALSE,FALSE,FALSE,FALSE
https://prokr.com/deals/carpentry/khamis-mushait,https://prokr.co/khamis-mushait,301,FALSE,FALSE,FALSE,FALSE
https://prokr.com/saudi/al-bahah/leaks-plumbing,https://prokr.co/al-baha/water-leak-detection,301,FALSE,FALSE,FALSE,FALSE
https://prokr.com/emergency/pest-control/umluj,https://prokr.co/corporate/acquisition,301,FALSE,FALSE,FALSE,FALSE
https://prokr.com/faq/moving/al-majmah,https://prokr.co/majmaah/furniture-moving,301,FALSE,FALSE,FALSE,FALSE
https://prokr.com/deals/leaks-plumbing/ras-tanura,https://prokr.co/ras-tanura/water-leak-detection,301,FALSE,FALSE,FALSE,FALSE
https://prokr.com/emergency/moving/wadi-ad-dawasir,https://prokr.co/corporate/acquisition,301,FALSE,FALSE,FALSE,FALSE
https://prokr.com/saudi/sayhat/cleaning,https://prokr.co/corporate/acquisition,301,FALSE,FALSE,FALSE,FALSE
https://prokr.com/services/moving/city-to-city,https://prokr.co/services-page,301,FALSE,FALSE,FALSE,FALSE
https://prokr.com/services/leaks-plumbing/tank-leaks,https://prokr.co/services-page,301,FALSE,FALSE,FALSE,FALSE
https://prokr.com/saudi/dammam/carpentry,https://prokr.co/dammam,301,FALSE,FALSE,FALSE,FALSE
https://prokr.com/deals/leaks-plumbing/al-majmah,https://prokr.co/majmaah/water-leak-detection,301,FALSE,FALSE,FALSE,FALSE
https://prokr.com/deals/cleaning/riyadh,https://prokr.co/riyadh/cleaning,301,FALSE,FALSE,FALSE,FALSE
https://prokr.com/saudi/madinah/electricity/wiring-lighting,https://prokr.co/madinah,301,FALSE,FALSE,FALSE,FALSE
https://prokr.com/emergency/leaks-plumbing/al-lith,https://prokr.co/corporate/acquisition,301,FALSE,FALSE,FALSE,FALSE
https://prokr.com/emergency/leaks-plumbing/khamis-mushait,https://prokr.co/khamis-mushait/water-leak-detection,301,FALSE,FALSE,FALSE,FALSE
https://prokr.com/deals/moving/sayhat,https://prokr.co/corporate/acquisition,301,FALSE,FALSE,FALSE,FALSE
https://prokr.com/deals/ac/sayhat,https://prokr.co/corporate/acquisition,301,FALSE,FALSE,FALSE,FALSE
https://prokr.com/pricing/aluminum-glass/makkah,https://prokr.co/makkah,301,FALSE,FALSE,FALSE,FALSE
https://prokr.com/faq/electricity/riyadh,https://prokr.co/riyadh,301,FALSE,FALSE,FALSE,FALSE
https://prokr.com/deals/carpentry/al-ahsa,https://prokr.co/al-ahsa,301,FALSE,FALSE,FALSE,FALSE
https://prokr.com/saudi/dammam/insulation-roofs/foam-bitumen,https://prokr.co/dammam/foam-insulation,301,FALSE,FALSE,FALSE,FALSE
https://prokr.com/pricing/car-towing/makkah,https://prokr.co/makkah,301,FALSE,FALSE,FALSE,FALSE
https://prokr.com/saudi/riyadh/ac/ac-installation,https://prokr.co/riyadh/ac-installation,301,FALSE,FALSE,FALSE,FALSE
https://prokr.com/emergency/moving/az-zulfi,https://prokr.co/corporate/acquisition,301,FALSE,FALSE,FALSE,FALSE
https://prokr.com/deals/leaks-plumbing/hail,https://prokr.co/hail/water-leak-detection,301,FALSE,FALSE,FALSE,FALSE
https://prokr.com/faq/electricity/umluj,https://prokr.co/corporate/acquisition,301,FALSE,FALSE,FALSE,FALSE
https://prokr.com/pricing/landscaping/makkah,https://prokr.co/makkah/landscaping,301,FALSE,FALSE,FALSE,FALSE
https://prokr.com/saudi/riyadh/leaks-plumbing/pipe-repair,https://prokr.co/riyadh/plumbing,301,FALSE,FALSE,FALSE,FALSE
https://prokr.com/pricing/cleaning/sakaka,https://prokr.co/corporate/acquisition,301,FALSE,FALSE,FALSE,FALSE
https://prokr.com/deals/cleaning/sayhat,https://prokr.co/corporate/acquisition,301,FALSE,FALSE,FALSE,FALSE
https://prokr.com/saudi/al-lith/electricity,https://prokr.co/corporate/acquisition,301,FALSE,FALSE,FALSE,FALSE
https://prokr.com/pricing/leaks-plumbing/qatif,https://prokr.co/qatif/water-leak-detection,301,FALSE,FALSE,FALSE,FALSE
https://prokr.com/pricing/painting-gypsum/makkah,https://prokr.co/makkah,301,FALSE,FALSE,FALSE,FALSE
https://prokr.com/saudi/dammam/leaks-plumbing,https://prokr.co/dammam/water-leak-detection,301,FALSE,FALSE,FALSE,FALSE
https://prokr.com/pricing/pest-control/madinah,https://prokr.co/madinah/pest-control,301,FALSE,FALSE,FALSE,FALSE
https://prokr.com/saudi/makkah/leaks-plumbing/bathroom-kitchen-waterproofing,https://prokr.co/makkah/bathroom-leak-detection,301,FALSE,FALSE,FALSE,FALSE
https://prokr.com/emergency/ac/duba,https://prokr.co/corporate/acquisition,301,FALSE,FALSE,FALSE,FALSE
https://prokr.com/saudi/makkah/insulation-roofs,https://prokr.co/makkah/roof-insulation,301,FALSE,FALSE,FALSE,FALSE
https://prokr.com/faq/flooring/jeddah,https://prokr.co/jeddah,301,FALSE,FALSE,FALSE,FALSE
https://prokr.com/saudi/arar/leaks-plumbing,https://prokr.co/corporate/acquisition,301,FALSE,FALSE,FALSE,FALSE
https://prokr.com/saudi/hafr-al-batin/electricity,https://prokr.co/hafr-albatin,301,FALSE,FALSE,FALSE,FALSE
https://prokr.com/deals/electricity/al-ahsa,https://prokr.co/al-ahsa,301,FALSE,FALSE,FALSE,FALSE
https://prokr.com/faq/electricity/alqunfudhah,https://prokr.co/corporate/acquisition,301,FALSE,FALSE,FALSE,FALSE
https://prokr.com/saudi/makkah/insulation-roofs/thermal-insulation,https://prokr.co/makkah/thermal-insulation,301,FALSE,FALSE,FALSE,FALSE
https://prokr.com/deals/leaks-plumbing/khobar,https://prokr.co/al-khobar/water-leak-detection,301,FALSE,FALSE,FALSE,FALSE
https://prokr.com/saudi/madinah/aluminum-glass/glass-facades,https://prokr.co/madinah,301,FALSE,FALSE,FALSE,FALSE
https://prokr.com/saudi/sayhat/leaks-plumbing,https://prokr.co/corporate/acquisition,301,FALSE,FALSE,FALSE,FALSE
https://prokr.com/saudi/al-ahsa/moving,https://prokr.co/al-ahsa/furniture-moving,301,FALSE,FALSE,FALSE,FALSE
https://prokr.com/pricing/flooring/madinah,https://prokr.co/madinah,301,FALSE,FALSE,FALSE,FALSE
https://prokr.com/deals/carpentry/jazan,https://prokr.co/jazan,301,FALSE,FALSE,FALSE,FALSE
https://prokr.com/saudi/khobar/ac,https://prokr.co/al-khobar/air-conditioner-cleaning,301,FALSE,FALSE,FALSE,FALSE
https://prokr.com/saudi/jeddah/cleaning/tank-cleaning,https://prokr.co/jeddah/tanks-cleaning,301,FALSE,FALSE,FALSE,FALSE
https://prokr.com/deals/appliances/jeddah,https://prokr.co/jeddah,301,FALSE,FALSE,FALSE,FALSE
https://prokr.com/saudi/safwa/painting-gypsum,https://prokr.co/corporate/acquisition,301,FALSE,FALSE,FALSE,FALSE
https://prokr.com/saudi/madinah/leaks-plumbing/pipe-repair,https://prokr.co/madinah/plumbing,301,FALSE,FALSE,FALSE,FALSE
https://prokr.com/pricing/cleaning/az-zulfi,https://prokr.co/corporate/acquisition,301,FALSE,FALSE,FALSE,FALSE
https://prokr.com/saudi/rabigh/moving,https://prokr.co/rabigh/furniture-moving,301,FALSE,FALSE,FALSE,FALSE
https://prokr.com/pricing/leaks-plumbing/yanbu,https://prokr.co/yanbu/water-leak-detection,301,FALSE,FALSE,FALSE,FALSE
https://prokr.com/pricing/painting-gypsum/hafr-al-batin,https://prokr.co/hafr-albatin,301,FALSE,FALSE,FALSE,FALSE
https://prokr.com/pricing/electricity/khobar,https://prokr.co/al-khobar,301,FALSE,FALSE,FALSE,FALSE
https://prokr.com/saudi/dammam/leaks-plumbing/thermal-leak-detection,https://prokr.co/dammam/water-leak-detection,301,FALSE,FALSE,FALSE,FALSE
https://prokr.com/saudi/jubail,https://prokr.co/jubail,301,FALSE,FALSE,FALSE,FALSE
https://prokr.com/pricing/ac/dammam,https://prokr.co/dammam/air-conditioner-cleaning,301,FALSE,FALSE,FALSE,FALSE
https://prokr.com/pricing/appliances/riyadh,https://prokr.co/riyadh,301,FALSE,FALSE,FALSE,FALSE
https://prokr.com/saudi/al-majmah/ac,https://prokr.co/majmaah/air-conditioner-cleaning,301,FALSE,FALSE,FALSE,FALSE
https://prokr.com/saudi/jeddah/moving/office-moving,https://prokr.co/jeddah/furniture-moving,301,FALSE,FALSE,FALSE,FALSE
https://prokr.com/faq/moving/rabigh,https://prokr.co/rabigh/furniture-moving,301,FALSE,FALSE,FALSE,FALSE
https://prokr.com/saudi/jeddah/carpentry/kitchen-cabinets,https://prokr.co/jeddah,301,FALSE,FALSE,FALSE,FALSE
https://prokr.com/faq/cleaning/najran,https://prokr.co/najran/cleaning,301,FALSE,FALSE,FALSE,FALSE
https://prokr.com/saudi/madinah/moving/crane-lifting,https://prokr.co/madinah/heavy-equipment-moving,301,FALSE,FALSE,FALSE,FALSE
https://prokr.com/saudi/dammam/cleaning/facade-cleaning,https://prokr.co/dammam/glass-facades-cleaning,301,FALSE,FALSE,FALSE,FALSE
https://prokr.com/deals/moving/onaizah,https://prokr.co/onizah/furniture-moving,301,FALSE,FALSE,FALSE,FALSE
https://prokr.com/emergency/ac/dammam,https://prokr.co/dammam/air-conditioner-cleaning,301,FALSE,FALSE,FALSE,FALSE
https://prokr.com/saudi/arar/painting-gypsum,https://prokr.co/corporate/acquisition,301,FALSE,FALSE,FALSE,FALSE
https://prokr.com/faq/ac/sakaka,https://prokr.co/corporate/acquisition,301,FALSE,FALSE,FALSE,FALSE
https://prokr.com/saudi/bisha/cleaning,https://prokr.co/corporate/acquisition,301,FALSE,FALSE,FALSE,FALSE
https://prokr.com/pricing/painting-gypsum/umluj,https://prokr.co/corporate/acquisition,301,FALSE,FALSE,FALSE,FALSE
https://prokr.com/saudi/rabigh/cleaning,https://prokr.co/rabigh/cleaning,301,FALSE,FALSE,FALSE,FALSE
https://prokr.com/pricing/ac/hail,https://prokr.co/hail/air-conditioner-cleaning,301,FALSE,FALSE,FALSE,FALSE
https://prokr.com/saudi/sayhat/moving,https://prokr.co/corporate/acquisition,301,FALSE,FALSE,FALSE,FALSE
https://prokr.com/saudi/jeddah/ac/ac-installation,https://prokr.co/jeddah/ac-installation,301,FALSE,FALSE,FALSE,FALSE
https://prokr.com/deals/leaks-plumbing/riyadh,https://prokr.co/riyadh/water-leak-detection,301,FALSE,FALSE,FALSE,FALSE
https://prokr.com/emergency/moving/khamis-mushait,https://prokr.co/khamis-mushait/furniture-moving,301,FALSE,FALSE,FALSE,FALSE
https://prokr.com/saudi/makkah/moving/villa-moving,https://prokr.co/makkah/furniture-moving,301,FALSE,FALSE,FALSE,FALSE
https://prokr.com/saudi/hail/leaks-plumbing,https://prokr.co/hail/water-leak-detection,301,FALSE,FALSE,FALSE,FALSE
https://prokr.com/deals/ac/al-ahsa,https://prokr.co/al-ahsa/air-conditioner-cleaning,301,FALSE,FALSE,FALSE,FALSE
https://prokr.com/faq/moving/jeddah,https://prokr.co/jeddah/furniture-moving,301,FALSE,FALSE,FALSE,FALSE
https://prokr.com/saudi/jeddah/moving/moving-boxes,https://prokr.co/jeddah/furniture-packaging,301,FALSE,FALSE,FALSE,FALSE
https://prokr.com/saudi/makkah/carpentry/bedrooms,https://prokr.co/makkah,301,FALSE,FALSE,FALSE,FALSE
https://prokr.com/faq/moving/arar,https://prokr.co/corporate/acquisition,301,FALSE,FALSE,FALSE,FALSE
https://prokr.com/faq/moving/abha,https://prokr.co/abha/furniture-moving,301,FALSE,FALSE,FALSE,FALSE
https://prokr.com/saudi/riyadh/flooring/grinding-polishing,https://prokr.co/riyadh,301,FALSE,FALSE,FALSE,FALSE
https://prokr.com/saudi/jeddah/pest-control/cockroaches,https://prokr.co/jeddah/cockroach-control,301,FALSE,FALSE,FALSE,FALSE
https://prokr.com/faq/carpentry/wadi-ad-dawasir,https://prokr.co/corporate/acquisition,301,FALSE,FALSE,FALSE,FALSE
https://prokr.com/pricing/ac/muhayil,https://prokr.co/corporate/acquisition,301,FALSE,FALSE,FALSE,FALSE
https://prokr.com/deals/painting-gypsum/al-lith,https://prokr.co/corporate/acquisition,301,FALSE,FALSE,FALSE,FALSE
https://prokr.com/pricing/carpentry/al-lith,https://prokr.co/corporate/acquisition,301,FALSE,FALSE,FALSE,FALSE
https://prokr.com/emergency/leaks-plumbing/dammam,https://prokr.co/dammam/water-leak-detection,301,FALSE,FALSE,FALSE,FALSE
https://prokr.com/deals/leaks-plumbing/sayhat,https://prokr.co/corporate/acquisition,301,FALSE,FALSE,FALSE,FALSE
https://prokr.com/pricing/leaks-plumbing/az-zulfi,https://prokr.co/corporate/acquisition,301,FALSE,FALSE,FALSE,FALSE
https://prokr.com/faq/painting-gypsum/hafr-al-batin,https://prokr.co/hafr-albatin,301,FALSE,FALSE,FALSE,FALSE
https://prokr.com/saudi/yanbu,https://prokr.co/yanbu,301,FALSE,FALSE,FALSE,FALSE
https://prokr.com/deals/carpentry/jubail,https://prokr.co/jubail,301,FALSE,FALSE,FALSE,FALSE
https://prokr.com/emergency/ac/hail,https://prokr.co/hail/air-conditioner-cleaning,301,FALSE,FALSE,FALSE,FALSE
https://prokr.com/saudi/makkah/pest-control/cockroaches,https://prokr.co/makkah/cockroach-control,301,FALSE,FALSE,FALSE,FALSE
https://prokr.com/deals/ac/rabigh,https://prokr.co/rabigh/air-conditioner-cleaning,301,FALSE,FALSE,FALSE,FALSE
https://prokr.com/deals/moving/rabigh,https://prokr.co/rabigh/furniture-moving,301,FALSE,FALSE,FALSE,FALSE
https://prokr.com/saudi/dammam/pest-control/termites,https://prokr.co/dammam/termite-control,301,FALSE,FALSE,FALSE,FALSE
https://prokr.com/emergency/leaks-plumbing/madinah,https://prokr.co/madinah/water-leak-detection,301,FALSE,FALSE,FALSE,FALSE
https://prokr.com/deals/cleaning/rabigh,https://prokr.co/rabigh/cleaning,301,FALSE,FALSE,FALSE,FALSE
https://prokr.com/pricing/electricity/onaizah,https://prokr.co/onizah,301,FALSE,FALSE,FALSE,FALSE
https://prokr.com/faq/pest-control/taif,https://prokr.co/taif/pest-control,301,FALSE,FALSE,FALSE,FALSE
https://prokr.com/faqs,https://prokr.co/corporate/acquisition,301,FALSE,FALSE,FALSE,FALSE
https://prokr.com/emergency/moving/muhayil,https://prokr.co/corporate/acquisition,301,FALSE,FALSE,FALSE,FALSE
https://prokr.com/saudi/onaizah,https://prokr.co/onizah,301,FALSE,FALSE,FALSE,FALSE
https://prokr.com/saudi/jazan/electricity,https://prokr.co/jazan,301,FALSE,FALSE,FALSE,FALSE
https://prokr.com/pricing/carpentry/abha,https://prokr.co/abha,301,FALSE,FALSE,FALSE,FALSE
https://prokr.com/services/moving/insurance-warranty,https://prokr.co/services-page,301,FALSE,FALSE,FALSE,FALSE
https://prokr.com/pricing/carpentry/arar,https://prokr.co/corporate/acquisition,301,FALSE,FALSE,FALSE,FALSE
https://prokr.com/service-area,https://prokr.co/locations,301,FALSE,FALSE,FALSE,FALSE
https://prokr.com/saudi/az-zulfi/cleaning,https://prokr.co/corporate/acquisition,301,FALSE,FALSE,FALSE,FALSE
https://prokr.com/deals/appliances/madinah,https://prokr.co/madinah,301,FALSE,FALSE,FALSE,FALSE
https://prokr.com/deals/electricity/al-lith,https://prokr.co/corporate/acquisition,301,FALSE,FALSE,FALSE,FALSE
https://prokr.com/saudi/sakaka/electricity,https://prokr.co/corporate/acquisition,301,FALSE,FALSE,FALSE,FALSE
https://prokr.com/faq/moving/buraydah,https://prokr.co/buraidah/furniture-moving,301,FALSE,FALSE,FALSE,FALSE
https://prokr.com/faq/painting-gypsum/jubail,https://prokr.co/jubail,301,FALSE,FALSE,FALSE,FALSE
https://prokr.com/deals/cleaning/jeddah,https://prokr.co/jeddah/cleaning,301,FALSE,FALSE,FALSE,FALSE
https://prokr.com/saudi/riyadh/landscaping/garden-design,https://prokr.co/riyadh/landscaping,301,FALSE,FALSE,FALSE,FALSE
https://prokr.com/saudi/alqunfudhah/ac,https://prokr.co/corporate/acquisition,301,FALSE,FALSE,FALSE,FALSE
https://prokr.com/emergency/ac/al-majmah,https://prokr.co/majmaah/air-conditioner-cleaning,301,FALSE,FALSE,FALSE,FALSE
https://prokr.com/pricing/painting-gypsum/tabuk,https://prokr.co/tabuk,301,FALSE,FALSE,FALSE,FALSE
https://prokr.com/saudi/madinah/moving/apartment-moving,https://prokr.co/madinah/furniture-moving,301,FALSE,FALSE,FALSE,FALSE
https://prokr.com/pricing/painting-gypsum/tayma,https://prokr.co/corporate/acquisition,301,FALSE,FALSE,FALSE,FALSE
https://prokr.com/pricing/painting-gypsum/rabigh,https://prokr.co/rabigh,301,FALSE,FALSE,FALSE,FALSE
https://prokr.com/deals/leaks-plumbing/arar,https://prokr.co/corporate/acquisition,301,FALSE,FALSE,FALSE,FALSE
https://prokr.com/services/moving/crane-lifting,https://prokr.co/services-page,301,FALSE,FALSE,FALSE,FALSE
https://prokr.com/pricing/painting-gypsum/safwa,https://prokr.co/corporate/acquisition,301,FALSE,FALSE,FALSE,FALSE
https://prokr.com/pricing/carpentry/dammam,https://prokr.co/dammam,301,FALSE,FALSE,FALSE,FALSE
https://prokr.com/deals/leaks-plumbing/abha,https://prokr.co/abha/water-leak-detection,301,FALSE,FALSE,FALSE,FALSE
https://prokr.com/deals/ac/jeddah,https://prokr.co/jeddah/air-conditioner-cleaning,301,FALSE,FALSE,FALSE,FALSE
https://prokr.com/pricing/ac/duba,https://prokr.co/corporate/acquisition,301,FALSE,FALSE,FALSE,FALSE
https://prokr.com/deals/moving/jeddah,https://prokr.co/jeddah/furniture-moving,301,FALSE,FALSE,FALSE,FALSE
https://prokr.com/deals/car-towing/makkah,https://prokr.co/makkah,301,FALSE,FALSE,FALSE,FALSE
https://prokr.com/deals/painting-gypsum/al-ahsa,https://prokr.co/al-ahsa,301,FALSE,FALSE,FALSE,FALSE
https://prokr.com/pricing/carpentry/al-ahsa,https://prokr.co/al-ahsa,301,FALSE,FALSE,FALSE,FALSE
https://prokr.com/saudi/jeddah/moving/apartment-moving,https://prokr.co/jeddah/furniture-moving,301,FALSE,FALSE,FALSE,FALSE
https://prokr.com/faq/aluminum-glass/jeddah,https://prokr.co/jeddah,301,FALSE,FALSE,FALSE,FALSE
https://prokr.com/pricing/painting-gypsum/qatif,https://prokr.co/qatif,301,FALSE,FALSE,FALSE,FALSE
https://prokr.com/deals/pest-control/umluj,https://prokr.co/corporate/acquisition,301,FALSE,FALSE,FALSE,FALSE
https://prokr.com/faq/cleaning/wadi-ad-dawasir,https://prokr.co/corporate/acquisition,301,FALSE,FALSE,FALSE,FALSE
https://prokr.com/saudi/dammam/painting-gypsum/gypsum-board,https://prokr.co/dammam,301,FALSE,FALSE,FALSE,FALSE
https://prokr.com/faq/electricity/onaizah,https://prokr.co/onizah,301,FALSE,FALSE,FALSE,FALSE
https://prokr.com/saudi/madinah/moving/office-moving,https://prokr.co/madinah/furniture-moving,301,FALSE,FALSE,FALSE,FALSE
https://prokr.com/saudi/dammam/electricity,https://prokr.co/dammam,301,FALSE,FALSE,FALSE,FALSE
https://prokr.com/pricing/leaks-plumbing/jubail,https://prokr.co/jubail/water-leak-detection,301,FALSE,FALSE,FALSE,FALSE
https://prokr.com/services/moving/furniture-packing,https://prokr.co/services-page,301,FALSE,FALSE,FALSE,FALSE
https://prokr.com/deals/ac/al-bahah,https://prokr.co/al-baha/air-conditioner-cleaning,301,FALSE,FALSE,FALSE,FALSE
https://prokr.com/deals/moving/az-zulfi,https://prokr.co/corporate/acquisition,301,FALSE,FALSE,FALSE,FALSE
https://prokr.com/saudi/jeddah/ac,https://prokr.co/jeddah/air-conditioner-cleaning,301,FALSE,FALSE,FALSE,FALSE
https://prokr.com/deals/ac/dhahran,https://prokr.co/dhahran/air-conditioner-cleaning,301,FALSE,FALSE,FALSE,FALSE
https://prokr.com/saudi/jeddah/flooring,https://prokr.co/jeddah,301,FALSE,FALSE,FALSE,FALSE
https://prokr.com/saudi/alqunfudhah/pest-control,https://prokr.co/corporate/acquisition,301,FALSE,FALSE,FALSE,FALSE
https://prokr.com/saudi/al-majmah/painting-gypsum,https://prokr.co/majmaah,301,FALSE,FALSE,FALSE,FALSE
https://prokr.com/saudi/najran/carpentry,https://prokr.co/najran,301,FALSE,FALSE,FALSE,FALSE
https://prokr.com/deals/landscaping/riyadh,https://prokr.co/riyadh/landscaping,301,FALSE,FALSE,FALSE,FALSE
https://prokr.com/emergency/pest-control/hafr-al-batin,https://prokr.co/hafr-albatin/pest-control,301,FALSE,FALSE,FALSE,FALSE
https://prokr.com/saudi/riyadh/leaks-plumbing/thermal-leak-detection,https://prokr.co/riyadh/water-leak-detection,301,FALSE,FALSE,FALSE,FALSE
https://prokr.com/saudi/makkah/pest-control/rodents,https://prokr.co/makkah/rodent-control,301,FALSE,FALSE,FALSE,FALSE
https://prokr.com/faq/painting-gypsum/madinah,https://prokr.co/madinah,301,FALSE,FALSE,FALSE,FALSE
https://prokr.com/saudi/madinah/car-towing/city-towing,https://prokr.co/madinah,301,FALSE,FALSE,FALSE,FALSE
https://prokr.com/deals/appliances/riyadh,https://prokr.co/riyadh,301,FALSE,FALSE,FALSE,FALSE
https://prokr.com/saudi/jeddah/car-towing/city-towing,https://prokr.co/jeddah,301,FALSE,FALSE,FALSE,FALSE
https://prokr.com/saudi/makkah/moving/moving-boxes,https://prokr.co/makkah/furniture-packaging,301,FALSE,FALSE,FALSE,FALSE
https://prokr.com/saudi/riyadh/painting-gypsum/decor,https://prokr.co/riyadh,301,FALSE,FALSE,FALSE,FALSE
https://prokr.com/pricing/electricity/sakaka,https://prokr.co/corporate/acquisition,301,FALSE,FALSE,FALSE,FALSE
https://prokr.com/saudi/dammam/insulation-roofs/water-proofing,https://prokr.co/dammam/water-insulation,301,FALSE,FALSE,FALSE,FALSE
https://prokr.com/saudi/rabigh/leaks-plumbing,https://prokr.co/rabigh/water-leak-detection,301,FALSE,FALSE,FALSE,FALSE
https://prokr.com/faq/flooring/riyadh,https://prokr.co/riyadh,301,FALSE,FALSE,FALSE,FALSE
https://prokr.com/deals/leaks-plumbing/rabigh,https://prokr.co/rabigh/water-leak-detection,301,FALSE,FALSE,FALSE,FALSE
https://prokr.com/saudi/khamis-mushait,https://prokr.co/khamis-mushait,301,FALSE,FALSE,FALSE,FALSE
https://prokr.com/services/flooring/ceramic-porcelain,https://prokr.co/services-page,301,FALSE,FALSE,FALSE,FALSE
https://prokr.com/emergency/pest-control/buraydah,https://prokr.co/buraidah/pest-control,301,FALSE,FALSE,FALSE,FALSE
https://prokr.com/emergency/leaks-plumbing/hafr-al-batin,https://prokr.co/hafr-albatin/water-leak-detection,301,FALSE,FALSE,FALSE,FALSE
https://prokr.com/saudi/al-bahah,https://prokr.co/al-baha,301,FALSE,FALSE,FALSE,FALSE
https://prokr.com/services/cleaning/hourly-cleaning,https://prokr.co/services-page,301,FALSE,FALSE,FALSE,FALSE
https://prokr.com/saudi/jazan/painting-gypsum,https://prokr.co/jazan,301,FALSE,FALSE,FALSE,FALSE
https://prokr.com/deals/pest-control/al-bahah,https://prokr.co/al-baha/pest-control,301,FALSE,FALSE,FALSE,FALSE
https://prokr.com/services/ac/freon-refill,https://prokr.co/services-page,301,FALSE,FALSE,FALSE,FALSE
https://prokr.com/pricing/electricity/najran,https://prokr.co/najran,301,FALSE,FALSE,FALSE,FALSE
https://prokr.com/faq/electricity/muhayil,https://prokr.co/corporate/acquisition,301,FALSE,FALSE,FALSE,FALSE
https://prokr.com/pricing/painting-gypsum/duba,https://prokr.co/corporate/acquisition,301,FALSE,FALSE,FALSE,FALSE
https://prokr.com/pricing/cleaning/hafr-al-batin,https://prokr.co/hafr-albatin/cleaning,301,FALSE,FALSE,FALSE,FALSE
https://prokr.com/pricing/appliances/jeddah,https://prokr.co/jeddah,301,FALSE,FALSE,FALSE,FALSE
https://prokr.com/faq/moving/khobar,https://prokr.co/al-khobar/furniture-moving,301,FALSE,FALSE,FALSE,FALSE
https://prokr.com/saudi/jeddah/moving/villa-moving,https://prokr.co/jeddah/furniture-moving,301,FALSE,FALSE,FALSE,FALSE
https://prokr.com/saudi/jeddah/painting-gypsum/gypsum-board,https://prokr.co/jeddah,301,FALSE,FALSE,FALSE,FALSE
https://prokr.com/pricing/pest-control/az-zulfi,https://prokr.co/corporate/acquisition,301,FALSE,FALSE,FALSE,FALSE
https://prokr.com/saudi/makkah/leaks-plumbing/thermal-leak-detection,https://prokr.co/makkah/water-leak-detection,301,FALSE,FALSE,FALSE,FALSE
https://prokr.com/deals/cleaning/az-zulfi,https://prokr.co/corporate/acquisition,301,FALSE,FALSE,FALSE,FALSE
https://prokr.com/deals/pest-control/al-majmah,https://prokr.co/majmaah/pest-control,301,FALSE,FALSE,FALSE,FALSE
https://prokr.com/deals/ac/umluj,https://prokr.co/corporate/acquisition,301,FALSE,FALSE,FALSE,FALSE
https://prokr.com/deals/leaks-plumbing/jeddah,https://prokr.co/jeddah/water-leak-detection,301,FALSE,FALSE,FALSE,FALSE
https://prokr.com/faq/carpentry/dhahran,https://prokr.co/dhahran,301,FALSE,FALSE,FALSE,FALSE
https://prokr.com/faq/moving/hail,https://prokr.co/hail/furniture-moving,301,FALSE,FALSE,FALSE,FALSE
https://prokr.com/saudi/dammam/car-towing/luxury-car-transport,https://prokr.co/dammam,301,FALSE,FALSE,FALSE,FALSE
https://prokr.com/saudi/onaizah/ac,https://prokr.co/onizah/air-conditioner-cleaning,301,FALSE,FALSE,FALSE,FALSE
https://prokr.com/deals/pest-control/ras-tanura,https://prokr.co/ras-tanura/pest-control,301,FALSE,FALSE,FALSE,FALSE
https://prokr.com/deals/carpentry/al-lith,https://prokr.co/corporate/acquisition,301,FALSE,FALSE,FALSE,FALSE
https://prokr.com/pricing/leaks-plumbing/tabuk,https://prokr.co/tabuk/water-leak-detection,301,FALSE,FALSE,FALSE,FALSE
https://prokr.com/pricing/leaks-plumbing/tayma,https://prokr.co/corporate/acquisition,301,FALSE,FALSE,FALSE,FALSE
https://prokr.com/saudi/qatif/carpentry,https://prokr.co/qatif,301,FALSE,FALSE,FALSE,FALSE
https://prokr.com/saudi/madinah/painting-gypsum/decor,https://prokr.co/madinah,301,FALSE,FALSE,FALSE,FALSE
https://prokr.com/pricing/electricity/muhayil,https://prokr.co/corporate/acquisition,301,FALSE,FALSE,FALSE,FALSE
https://prokr.com/saudi/al-lith/cleaning,https://prokr.co/corporate/acquisition,301,FALSE,FALSE,FALSE,FALSE
https://prokr.com/saudi/makkah/painting-gypsum/exterior-painting,https://prokr.co/makkah,301,FALSE,FALSE,FALSE,FALSE
https://prokr.com/faq/moving/sayhat,https://prokr.co/corporate/acquisition,301,FALSE,FALSE,FALSE,FALSE
https://prokr.com/saudi/arar/carpentry,https://prokr.co/corporate/acquisition,301,FALSE,FALSE,FALSE,FALSE
https://prokr.com/deals/painting-gypsum/riyadh,https://prokr.co/riyadh,301,FALSE,FALSE,FALSE,FALSE
https://prokr.com/pricing/painting-gypsum/taif,https://prokr.co/taif,301,FALSE,FALSE,FALSE,FALSE
https://prokr.com/saudi/makkah/carpentry/doors-windows,https://prokr.co/makkah,301,FALSE,FALSE,FALSE,FALSE
https://prokr.com/services/painting-gypsum/exterior-painting,https://prokr.co/services-page,301,FALSE,FALSE,FALSE,FALSE
https://prokr.com/faq/electricity/qatif,https://prokr.co/qatif,301,FALSE,FALSE,FALSE,FALSE
https://prokr.com/faq/electricity/safwa,https://prokr.co/corporate/acquisition,301,FALSE,FALSE,FALSE,FALSE
https://prokr.com/emergency,https://prokr.co/corporate/acquisition,301,FALSE,FALSE,FALSE,FALSE
https://prokr.com/pricing/pest-control/al-lith,https://prokr.co/corporate/acquisition,301,FALSE,FALSE,FALSE,FALSE
https://prokr.com/deals/leaks-plumbing/duba,https://prokr.co/corporate/acquisition,301,FALSE,FALSE,FALSE,FALSE
https://prokr.com/pricing/ac/abha,https://prokr.co/abha/air-conditioner-cleaning,301,FALSE,FALSE,FALSE,FALSE
https://prokr.com/faq/electricity/tabuk,https://prokr.co/tabuk,301,FALSE,FALSE,FALSE,FALSE
https://prokr.com/pricing/carpentry/bisha,https://prokr.co/corporate/acquisition,301,FALSE,FALSE,FALSE,FALSE
https://prokr.com/emergency/moving/ras-tanura,https://prokr.co/ras-tanura/furniture-moving,301,FALSE,FALSE,FALSE,FALSE
https://prokr.com/saudi/madinah/flooring/grinding-polishing,https://prokr.co/madinah,301,FALSE,FALSE,FALSE,FALSE
https://prokr.com/faq/electricity/tayma,https://prokr.co/corporate/acquisition,301,FALSE,FALSE,FALSE,FALSE
https://prokr.com/pricing/ac/arar,https://prokr.co/corporate/acquisition,301,FALSE,FALSE,FALSE,FALSE
https://prokr.com/faq/moving/riyadh,https://prokr.co/riyadh/furniture-moving,301,FALSE,FALSE,FALSE,FALSE
https://prokr.com/saudi/riyadh/painting-gypsum/wallpaper,https://prokr.co/riyadh,301,FALSE,FALSE,FALSE,FALSE
https://prokr.com/saudi/riyadh/cleaning/post-construction,https://prokr.co/riyadh/post-construction-cleaning,301,FALSE,FALSE,FALSE,FALSE
https://prokr.com/saudi/jeddah/pest-control/ants,https://prokr.co/jeddah/ants-control,301,FALSE,FALSE,FALSE,FALSE
https://prokr.com/deals/painting-gypsum/az-zulfi,https://prokr.co/corporate/acquisition,301,FALSE,FALSE,FALSE,FALSE
https://prokr.com/services/pest-control/general-spray,https://prokr.co/services-page,301,FALSE,FALSE,FALSE,FALSE
https://prokr.com/blog/category/pest-control,https://prokr.co/blog,301,FALSE,FALSE,FALSE,FALSE
https://prokr.com/faq/electricity/hail,https://prokr.co/hail,301,FALSE,FALSE,FALSE,FALSE
https://prokr.com/saudi/sakaka/cleaning,https://prokr.co/corporate/acquisition,301,FALSE,FALSE,FALSE,FALSE
https://prokr.com/saudi/dammam/moving,https://prokr.co/dammam/furniture-moving,301,FALSE,FALSE,FALSE,FALSE
https://prokr.com/deals/cleaning/al-lith,https://prokr.co/corporate/acquisition,301,FALSE,FALSE,FALSE,FALSE
https://prokr.com/emergency/ac/makkah,https://prokr.co/makkah/air-conditioner-cleaning,301,FALSE,FALSE,FALSE,FALSE
https://prokr.com/emergency/leaks-plumbing/al-bahah,https://prokr.co/al-baha/water-leak-detection,301,FALSE,FALSE,FALSE,FALSE
https://prokr.com/saudi/jeddah/leaks-plumbing/pumps-valves,https://prokr.co/jeddah/plumbing,301,FALSE,FALSE,FALSE,FALSE
https://prokr.com/faq/painting-gypsum/duba,https://prokr.co/corporate/acquisition,301,FALSE,FALSE,FALSE,FALSE
https://prokr.com/services/ac/duct-cleaning,https://prokr.co/services-page,301,FALSE,FALSE,FALSE,FALSE
https://prokr.com/services/cleaning/marble-polishing,https://prokr.co/services-page,301,FALSE,FALSE,FALSE,FALSE
https://prokr.com/saudi/makkah/electricity,https://prokr.co/makkah,301,FALSE,FALSE,FALSE,FALSE
https://prokr.com/pricing/cleaning/riyadh,https://prokr.co/riyadh/cleaning,301,FALSE,FALSE,FALSE,FALSE
https://prokr.com/pricing/ac/makkah,https://prokr.co/makkah/air-conditioner-cleaning,301,FALSE,FALSE,FALSE,FALSE
https://prokr.com/emergency/pest-control/wadi-ad-dawasir,https://prokr.co/corporate/acquisition,301,FALSE,FALSE,FALSE,FALSE
https://prokr.com/services/pest-control/rodents,https://prokr.co/services-page,301,FALSE,FALSE,FALSE,FALSE
https://prokr.com/deals/painting-gypsum/duba,https://prokr.co/corporate/acquisition,301,FALSE,FALSE,FALSE,FALSE
https://prokr.com/deals/moving/sakaka,https://prokr.co/corporate/acquisition,301,FALSE,FALSE,FALSE,FALSE
https://prokr.com/saudi/riyadh/appliances/dryers,https://prokr.co/riyadh,301,FALSE,FALSE,FALSE,FALSE
https://prokr.com/saudi/dammam/cleaning/post-construction,https://prokr.co/dammam/post-construction-cleaning,301,FALSE,FALSE,FALSE,FALSE
https://prokr.com/deals/carpentry/az-zulfi,https://prokr.co/corporate/acquisition,301,FALSE,FALSE,FALSE,FALSE
https://prokr.com/deals/ac/sakaka,https://prokr.co/corporate/acquisition,301,FALSE,FALSE,FALSE,FALSE
https://prokr.com/saudi/makkah/landscaping/palm-trees,https://prokr.co/makkah/landscaping,301,FALSE,FALSE,FALSE,FALSE
https://prokr.com/deals/leaks-plumbing/al-ahsa,https://prokr.co/al-ahsa/water-leak-detection,301,FALSE,FALSE,FALSE,FALSE
https://prokr.com/saudi/riyadh/pest-control/municipality-certificate,https://prokr.co/riyadh/pest-control,301,FALSE,FALSE,FALSE,FALSE
https://prokr.com/pricing/cleaning/sayhat,https://prokr.co/corporate/acquisition,301,FALSE,FALSE,FALSE,FALSE
https://prokr.com/saudi/dammam/aluminum-glass/shades-curtains,https://prokr.co/dammam,301,FALSE,FALSE,FALSE,FALSE
https://prokr.com/deals/cleaning/sakaka,https://prokr.co/corporate/acquisition,301,FALSE,FALSE,FALSE,FALSE
https://prokr.com/services/moving,https://prokr.co/services-page,301,FALSE,FALSE,FALSE,FALSE
https://prokr.com/deals/moving/yanbu,https://prokr.co/yanbu/furniture-moving,301,FALSE,FALSE,FALSE,FALSE
https://prokr.com/saudi/najran,https://prokr.co/najran,301,FALSE,FALSE,FALSE,FALSE
https://prokr.com/faq/moving/taif,https://prokr.co/taif/furniture-moving,301,FALSE,FALSE,FALSE,FALSE
https://prokr.com/faq/moving/muhayil,https://prokr.co/corporate/acquisition,301,FALSE,FALSE,FALSE,FALSE
https://prokr.com/emergency/leaks-plumbing/makkah,https://prokr.co/makkah/water-leak-detection,301,FALSE,FALSE,FALSE,FALSE
https://prokr.com/pricing/cleaning/khobar,https://prokr.co/al-khobar/cleaning,301,FALSE,FALSE,FALSE,FALSE
https://prokr.com/saudi/duba/carpentry,https://prokr.co/corporate/acquisition,301,FALSE,FALSE,FALSE,FALSE
https://prokr.com/services/landscaping,https://prokr.co/services-page,301,FALSE,FALSE,FALSE,FALSE
https://prokr.com/faq/pest-control/al-lith,https://prokr.co/corporate/acquisition,301,FALSE,FALSE,FALSE,FALSE
https://prokr.com/faq/painting-gypsum/taif,https://prokr.co/taif,301,FALSE,FALSE,FALSE,FALSE
https://prokr.com/emergency/ac/muhayil,https://prokr.co/corporate/acquisition,301,FALSE,FALSE,FALSE,FALSE
https://prokr.com/deals/leaks-plumbing/tayma,https://prokr.co/corporate/acquisition,301,FALSE,FALSE,FALSE,FALSE
https://prokr.com/saudi/jeddah/cleaning/hourly-cleaning,https://prokr.co/jeddah/hourly-cleaning,301,FALSE,FALSE,FALSE,FALSE
https://prokr.com/emergency/pest-control/najran,https://prokr.co/najran/pest-control,301,FALSE,FALSE,FALSE,FALSE
https://prokr.com/deals/leaks-plumbing/tabuk,https://prokr.co/tabuk/water-leak-detection,301,FALSE,FALSE,FALSE,FALSE
https://prokr.com/saudi/riyadh/landscaping/palm-trees,https://prokr.co/riyadh/landscaping,301,FALSE,FALSE,FALSE,FALSE
https://prokr.com/deals/pest-control/al-lith,https://prokr.co/corporate/acquisition,301,FALSE,FALSE,FALSE,FALSE
https://prokr.com/pricing/ac/al-bahah,https://prokr.co/al-baha/air-conditioner-cleaning,301,FALSE,FALSE,FALSE,FALSE
https://prokr.com/saudi/dammam/electricity/wiring-lighting,https://prokr.co/dammam,301,FALSE,FALSE,FALSE,FALSE
https://prokr.com/faq/electricity/jeddah,https://prokr.co/jeddah,301,FALSE,FALSE,FALSE,FALSE
https://prokr.com/faq/leaks-plumbing/tabuk,https://prokr.co/tabuk/water-leak-detection,301,FALSE,FALSE,FALSE,FALSE
https://prokr.com/saudi/sakaka,https://prokr.co/corporate/acquisition,301,FALSE,FALSE,FALSE,FALSE
https://prokr.com/pricing/cleaning/al-ahsa,https://prokr.co/al-ahsa/cleaning,301,FALSE,FALSE,FALSE,FALSE
https://prokr.com/deals/moving/qatif,https://prokr.co/qatif/furniture-moving,301,FALSE,FALSE,FALSE,FALSE
https://prokr.com/saudi/abha/moving,https://prokr.co/abha/furniture-moving,301,FALSE,FALSE,FALSE,FALSE
https://prokr.com/deals/painting-gypsum/taif,https://prokr.co/taif,301,FALSE,FALSE,FALSE,FALSE
https://prokr.com/faq/leaks-plumbing/tayma,https://prokr.co/corporate/acquisition,301,FALSE,FALSE,FALSE,FALSE
https://prokr.com/saudi/jeddah/moving/disassembly-assembly,https://prokr.co/jeddah/furniture-moving,301,FALSE,FALSE,FALSE,FALSE
https://prokr.com/saudi/bisha/carpentry,https://prokr.co/corporate/acquisition,301,FALSE,FALSE,FALSE,FALSE
https://prokr.com/emergency/ac/taif,https://prokr.co/taif/air-conditioner-cleaning,301,FALSE,FALSE,FALSE,FALSE
https://prokr.com/faq/ac/sayhat,https://prokr.co/corporate/acquisition,301,FALSE,FALSE,FALSE,FALSE
https://prokr.com/saudi/jeddah/moving/furniture-packing,https://prokr.co/jeddah/furniture-packaging,301,FALSE,FALSE,FALSE,FALSE
https://prokr.com/faq/pest-control/hail,https://prokr.co/hail/pest-control,301,FALSE,FALSE,FALSE,FALSE
https://prokr.com/saudi/najran/leaks-plumbing,https://prokr.co/najran/water-leak-detection,301,FALSE,FALSE,FALSE,FALSE
https://prokr.com/services/car-towing/city-towing,https://prokr.co/services-page,301,FALSE,FALSE,FALSE,FALSE
https://prokr.com/deals/ac/onaizah,https://prokr.co/onizah/air-conditioner-cleaning,301,FALSE,FALSE,FALSE,FALSE
https://prokr.com/pricing/carpentry/makkah,https://prokr.co/makkah,301,FALSE,FALSE,FALSE,FALSE
https://prokr.com/saudi/jeddah/cleaning/post-construction,https://prokr.co/jeddah/post-construction-cleaning,301,FALSE,FALSE,FALSE,FALSE
https://prokr.com/saudi/al-bahah/ac,https://prokr.co/al-baha/air-conditioner-cleaning,301,FALSE,FALSE,FALSE,FALSE
https://prokr.com/saudi/taif/ac,https://prokr.co/taif/air-conditioner-cleaning,301,FALSE,FALSE,FALSE,FALSE
https://prokr.com/saudi/dammam/cleaning/deep-cleaning,https://prokr.co/dammam/deep-cleaning,301,FALSE,FALSE,FALSE,FALSE
https://prokr.com/faq/ac/riyadh,https://prokr.co/riyadh/air-conditioner-cleaning,301,FALSE,FALSE,FALSE,FALSE
https://prokr.com/faq/leaks-plumbing/az-zulfi,https://prokr.co/corporate/acquisition,301,FALSE,FALSE,FALSE,FALSE
https://prokr.com/saudi/wadi-ad-dawasir/painting-gypsum,https://prokr.co/corporate/acquisition,301,FALSE,FALSE,FALSE,FALSE
https://prokr.com/faq/carpentry/duba,https://prokr.co/corporate/acquisition,301,FALSE,FALSE,FALSE,FALSE
https://prokr.com/saudi/jeddah/electricity,https://prokr.co/jeddah,301,FALSE,FALSE,FALSE,FALSE
https://prokr.com/saudi/makkah/cleaning/sofa-curtains,https://prokr.co/makkah/sofa-cleaning,301,FALSE,FALSE,FALSE,FALSE
https://prokr.com/saudi/madinah/aluminum-glass,https://prokr.co/madinah,301,FALSE,FALSE,FALSE,FALSE
https://prokr.com/deals/pest-control/makkah,https://prokr.co/makkah/pest-control,301,FALSE,FALSE,FALSE,FALSE
https://prokr.com/deals/leaks-plumbing/sakaka,https://prokr.co/corporate/acquisition,301,FALSE,FALSE,FALSE,FALSE
https://prokr.com/services/painting-gypsum/decor,https://prokr.co/services-page,301,FALSE,FALSE,FALSE,FALSE
https://prokr.com/deals/ac/wadi-ad-dawasir,https://prokr.co/corporate/acquisition,301,FALSE,FALSE,FALSE,FALSE
https://prokr.com/saudi/dhahran/cleaning,https://prokr.co/dhahran/cleaning,301,FALSE,FALSE,FALSE,FALSE
https://prokr.com/pricing/car-towing/dammam,https://prokr.co/dammam,301,FALSE,FALSE,FALSE,FALSE
https://prokr.com/deals/moving/jazan,https://prokr.co/jazan/furniture-moving,301,FALSE,FALSE,FALSE,FALSE
https://prokr.com/faq/carpentry/alqunfudhah,https://prokr.co/corporate/acquisition,301,FALSE,FALSE,FALSE,FALSE
https://prokr.com/deals/moving/bisha,https://prokr.co/corporate/acquisition,301,FALSE,FALSE,FALSE,FALSE
https://prokr.com/saudi/jeddah/landscaping/lawn-mowing,https://prokr.co/jeddah/landscaping,301,FALSE,FALSE,FALSE,FALSE
https://prokr.com/deals/painting-gypsum/alqunfudhah,https://prokr.co/corporate/acquisition,301,FALSE,FALSE,FALSE,FALSE
https://prokr.com/emergency/moving/umluj,https://prokr.co/corporate/acquisition,301,FALSE,FALSE,FALSE,FALSE
https://prokr.com/saudi/ras-tanura/ac,https://prokr.co/ras-tanura/air-conditioner-cleaning,301,FALSE,FALSE,FALSE,FALSE
https://prokr.com/saudi/makkah/moving/crane-lifting,https://prokr.co/makkah/heavy-equipment-moving,301,FALSE,FALSE,FALSE,FALSE
https://prokr.com/deals/moving/al-ahsa,https://prokr.co/al-ahsa/furniture-moving,301,FALSE,FALSE,FALSE,FALSE
https://prokr.com/saudi/riyadh/cleaning/facade-cleaning,https://prokr.co/riyadh/glass-facades-cleaning,301,FALSE,FALSE,FALSE,FALSE
https://prokr.com/faq/car-towing/madinah,https://prokr.co/madinah,301,FALSE,FALSE,FALSE,FALSE
https://prokr.com/faq/painting-gypsum/khobar,https://prokr.co/al-khobar,301,FALSE,FALSE,FALSE,FALSE
https://prokr.com/pricing/electricity/alqunfudhah,https://prokr.co/corporate/acquisition,301,FALSE,FALSE,FALSE,FALSE
https://prokr.com/pricing/aluminum-glass/dammam,https://prokr.co/dammam,301,FALSE,FALSE,FALSE,FALSE
https://prokr.com/saudi/madinah/electricity/panels-distribution,https://prokr.co/madinah,301,FALSE,FALSE,FALSE,FALSE
https://prokr.com/pricing/carpentry/jazan,https://prokr.co/jazan,301,FALSE,FALSE,FALSE,FALSE
https://prokr.com/deals/moving/safwa,https://prokr.co/corporate/acquisition,301,FALSE,FALSE,FALSE,FALSE
https://prokr.com/deals/carpentry/khobar,https://prokr.co/al-khobar,301,FALSE,FALSE,FALSE,FALSE
https://prokr.com/saudi/jeddah/moving,https://prokr.co/jeddah/furniture-moving,301,FALSE,FALSE,FALSE,FALSE
https://prokr.com/faq/ac/khobar,https://prokr.co/al-khobar/air-conditioner-cleaning,301,FALSE,FALSE,FALSE,FALSE
https://prokr.com/emergency/moving/najran,https://prokr.co/najran/furniture-moving,301,FALSE,FALSE,FALSE,FALSE
https://prokr.com/saudi/jeddah/leaks-plumbing/bathroom-kitchen-waterproofing,https://prokr.co/jeddah/bathroom-leak-detection,301,FALSE,FALSE,FALSE,FALSE
https://prokr.com/faq/pest-control/tabuk,https://prokr.co/tabuk/pest-control,301,FALSE,FALSE,FALSE,FALSE
https://prokr.com/saudi/makkah/carpentry/furniture-repair,https://prokr.co/makkah,301,FALSE,FALSE,FALSE,FALSE
https://prokr.com/faq/pest-control/tayma,https://prokr.co/corporate/acquisition,301,FALSE,FALSE,FALSE,FALSE
https://prokr.com/saudi/dammam/insulation-roofs/cracks-treatment,https://prokr.co/dammam/roof-insulation,301,FALSE,FALSE,FALSE,FALSE
https://prokr.com/saudi/riyadh/cleaning/sofa-curtains,https://prokr.co/riyadh/sofa-cleaning,301,FALSE,FALSE,FALSE,FALSE
https://prokr.com/blog/safe-furniture-moving-tips,https://prokr.co/blog,301,FALSE,FALSE,FALSE,FALSE
https://prokr.com/faq/leaks-plumbing/najran,https://prokr.co/najran/water-leak-detection,301,FALSE,FALSE,FALSE,FALSE
https://prokr.com/saudi/makkah/pest-control/municipality-certificate,https://prokr.co/makkah/pest-control,301,FALSE,FALSE,FALSE,FALSE
https://prokr.com/faq/carpentry/sayhat,https://prokr.co/corporate/acquisition,301,FALSE,FALSE,FALSE,FALSE
https://prokr.com/faq/carpentry/taif,https://prokr.co/taif,301,FALSE,FALSE,FALSE,FALSE
https://prokr.com/emergency/moving/al-majmah,https://prokr.co/majmaah/furniture-moving,301,FALSE,FALSE,FALSE,FALSE
https://prokr.com/saudi/tabuk/painting-gypsum,https://prokr.co/tabuk,301,FALSE,FALSE,FALSE,FALSE
https://prokr.com/pricing/carpentry/hail,https://prokr.co/hail,301,FALSE,FALSE,FALSE,FALSE
https://prokr.com/faq/electricity/ras-tanura,https://prokr.co/ras-tanura,301,FALSE,FALSE,FALSE,FALSE
https://prokr.com/saudi/muhayil/ac,https://prokr.co/corporate/acquisition,301,FALSE,FALSE,FALSE,FALSE
https://prokr.com/saudi/duba/cleaning,https://prokr.co/corporate/acquisition,301,FALSE,FALSE,FALSE,FALSE
https://prokr.com/saudi/riyadh/ac/duct-cleaning,https://prokr.co/riyadh/air-conditioner-cleaning,301,FALSE,FALSE,FALSE,FALSE
https://prokr.com/pricing/cleaning/jeddah,https://prokr.co/jeddah/cleaning,301,FALSE,FALSE,FALSE,FALSE
https://prokr.com/saudi/al-majmah/electricity,https://prokr.co/majmaah,301,FALSE,FALSE,FALSE,FALSE
https://prokr.com/deals/pest-control/madinah,https://prokr.co/madinah/pest-control,301,FALSE,FALSE,FALSE,FALSE
https://prokr.com/saudi/sayhat/painting-gypsum,https://prokr.co/corporate/acquisition,301,FALSE,FALSE,FALSE,FALSE
https://prokr.com/deals/leaks-plumbing/qatif,https://prokr.co/qatif/water-leak-detection,301,FALSE,FALSE,FALSE,FALSE
https://prokr.com/services/pest-control/cockroaches,https://prokr.co/services-page,301,FALSE,FALSE,FALSE,FALSE
https://prokr.com/saudi/madinah/moving/disassembly-assembly,https://prokr.co/madinah/furniture-moving,301,FALSE,FALSE,FALSE,FALSE
https://prokr.com/faq/pest-control/bisha,https://prokr.co/corporate/acquisition,301,FALSE,FALSE,FALSE,FALSE
https://prokr.com/saudi/riyadh/pest-control/termites,https://prokr.co/riyadh/termite-control,301,FALSE,FALSE,FALSE,FALSE
https://prokr.com/deals/painting-gypsum/jazan,https://prokr.co/jazan,301,FALSE,FALSE,FALSE,FALSE
https://prokr.com/faq/pest-control/duba,https://prokr.co/corporate/acquisition,301,FALSE,FALSE,FALSE,FALSE
https://prokr.com/faq/pest-control/jazan,https://prokr.co/jazan/pest-control,301,FALSE,FALSE,FALSE,FALSE
https://prokr.com/saudi/jeddah/leaks-plumbing/pipe-repair,https://prokr.co/jeddah/plumbing,301,FALSE,FALSE,FALSE,FALSE
https://prokr.com/pricing/pest-control/najran,https://prokr.co/najran/pest-control,301,FALSE,FALSE,FALSE,FALSE
https://prokr.com/pricing/aluminum-glass/madinah,https://prokr.co/madinah,301,FALSE,FALSE,FALSE,FALSE
https://prokr.com/saudi/al-majmah/leaks-plumbing,https://prokr.co/majmaah/water-leak-detection,301,FALSE,FALSE,FALSE,FALSE
https://prokr.com/deals/cleaning/umluj,https://prokr.co/corporate/acquisition,301,FALSE,FALSE,FALSE,FALSE
https://prokr.com/faq/leaks-plumbing/yanbu,https://prokr.co/yanbu/water-leak-detection,301,FALSE,FALSE,FALSE,FALSE
https://prokr.com/faq/cleaning/buraydah,https://prokr.co/buraidah/cleaning,301,FALSE,FALSE,FALSE,FALSE
https://prokr.com/pricing/ac/umluj,https://prokr.co/corporate/acquisition,301,FALSE,FALSE,FALSE,FALSE
https://prokr.com/providers,https://prokr.co/corporate/acquisition,301,FALSE,FALSE,FALSE,FALSE
https://prokr.com/pricing/moving/az-zulfi,https://prokr.co/corporate/acquisition,301,FALSE,FALSE,FALSE,FALSE
https://prokr.com/deals/leaks-plumbing/yanbu,https://prokr.co/yanbu/water-leak-detection,301,FALSE,FALSE,FALSE,FALSE
https://prokr.com/saudi/jeddah/car-towing/luxury-car-transport,https://prokr.co/jeddah,301,FALSE,FALSE,FALSE,FALSE
https://prokr.com/saudi/qatif,https://prokr.co/qatif,301,FALSE,FALSE,FALSE,FALSE
https://prokr.com/faq/carpentry/buraydah,https://prokr.co/buraidah,301,FALSE,FALSE,FALSE,FALSE
https://prokr.com/saudi/dhahran/painting-gypsum,https://prokr.co/dhahran,301,FALSE,FALSE,FALSE,FALSE
https://prokr.com/faq/pest-control/safwa,https://prokr.co/corporate/acquisition,301,FALSE,FALSE,FALSE,FALSE
https://prokr.com/saudi/al-lith/ac,https://prokr.co/corporate/acquisition,301,FALSE,FALSE,FALSE,FALSE
https://prokr.com/deals/carpentry/al-majmah,https://prokr.co/majmaah,301,FALSE,FALSE,FALSE,FALSE
https://prokr.com/faq/pest-control/madinah,https://prokr.co/madinah/pest-control,301,FALSE,FALSE,FALSE,FALSE
https://prokr.com/deals/moving/tayma,https://prokr.co/corporate/acquisition,301,FALSE,FALSE,FALSE,FALSE
https://prokr.com/saudi/riyadh/painting-gypsum/exterior-painting,https://prokr.co/riyadh,301,FALSE,FALSE,FALSE,FALSE
https://prokr.com/faq/leaks-plumbing/qatif,https://prokr.co/qatif/water-leak-detection,301,FALSE,FALSE,FALSE,FALSE
https://prokr.com/saudi/tabuk,https://prokr.co/tabuk,301,FALSE,FALSE,FALSE,FALSE
https://prokr.com/blog/water-leak-detection-saudi-homes,https://prokr.co/blog,301,FALSE,FALSE,FALSE,FALSE
https://prokr.com/deals/moving/tabuk,https://prokr.co/tabuk/furniture-moving,301,FALSE,FALSE,FALSE,FALSE
https://prokr.com/saudi/sayhat/ac,https://prokr.co/corporate/acquisition,301,FALSE,FALSE,FALSE,FALSE
https://prokr.com/pricing/electricity/jubail,https://prokr.co/jubail,301,FALSE,FALSE,FALSE,FALSE
https://prokr.com/deals/electricity/sayhat,https://prokr.co/corporate/acquisition,301,FALSE,FALSE,FALSE,FALSE
https://prokr.com/saudi/khobar,https://prokr.co/al-khobar,301,FALSE,FALSE,FALSE,FALSE
https://prokr.com/emergency/pest-control/muhayil,https://prokr.co/corporate/acquisition,301,FALSE,FALSE,FALSE,FALSE
https://prokr.com/pricing/painting-gypsum/dammam,https://prokr.co/dammam,301,FALSE,FALSE,FALSE,FALSE
https://prokr.com/pricing/ac/taif,https://prokr.co/taif/air-conditioner-cleaning,301,FALSE,FALSE,FALSE,FALSE
https://prokr.com/pricing/carpentry/rabigh,https://prokr.co/rabigh,301,FALSE,FALSE,FALSE,FALSE
https://prokr.com/pricing/cleaning/rabigh,https://prokr.co/rabigh/cleaning,301,FALSE,FALSE,FALSE,FALSE
https://prokr.com/saudi/umluj/electricity,https://prokr.co/corporate/acquisition,301,FALSE,FALSE,FALSE,FALSE
https://prokr.com/pricing/leaks-plumbing/muhayil,https://prokr.co/corporate/acquisition,301,FALSE,FALSE,FALSE,FALSE
https://prokr.com/deals/moving/dhahran,https://prokr.co/dhahran/furniture-moving,301,FALSE,FALSE,FALSE,FALSE
https://prokr.com/deals/landscaping/jeddah,https://prokr.co/jeddah/landscaping,301,FALSE,FALSE,FALSE,FALSE
https://prokr.com/faq/pest-control/najran,https://prokr.co/najran/pest-control,301,FALSE,FALSE,FALSE,FALSE
https://prokr.com/saudi/makkah/moving/furniture-packing,https://prokr.co/makkah/furniture-packaging,301,FALSE,FALSE,FALSE,FALSE
https://prokr.com/saudi/dammam/carpentry/bedrooms,https://prokr.co/dammam,301,FALSE,FALSE,FALSE,FALSE
https://prokr.com/deals/cleaning/madinah,https://prokr.co/madinah/cleaning,301,FALSE,FALSE,FALSE,FALSE
https://prokr.com/emergency/ac/az-zulfi,https://prokr.co/corporate/acquisition,301,FALSE,FALSE,FALSE,FALSE
https://prokr.com/deals/electricity/al-majmah,https://prokr.co/majmaah,301,FALSE,FALSE,FALSE,FALSE
https://prokr.com/saudi/ras-tanura/leaks-plumbing,https://prokr.co/ras-tanura/water-leak-detection,301,FALSE,FALSE,FALSE,FALSE
https://prokr.com/saudi/madinah/painting-gypsum/exterior-painting,https://prokr.co/madinah,301,FALSE,FALSE,FALSE,FALSE
https://prokr.com/saudi/madinah/appliances/ovens-stoves,https://prokr.co/madinah,301,FALSE,FALSE,FALSE,FALSE
https://prokr.com/pricing/painting-gypsum/yanbu,https://prokr.co/yanbu,301,FALSE,FALSE,FALSE,FALSE
https://prokr.com/blog/category/cleaning-guides,https://prokr.co/blog,301,FALSE,FALSE,FALSE,FALSE
https://prokr.com/faq/moving/alqunfudhah,https://prokr.co/corporate/acquisition,301,FALSE,FALSE,FALSE,FALSE
https://prokr.com/saudi/jeddah/insulation-roofs/water-proofing,https://prokr.co/jeddah/water-insulation,301,FALSE,FALSE,FALSE,FALSE
https://prokr.com/saudi/madinah/leaks-plumbing,https://prokr.co/madinah/water-leak-detection,301,FALSE,FALSE,FALSE,FALSE
https://prokr.com/deals/cleaning/ras-tanura,https://prokr.co/ras-tanura/cleaning,301,FALSE,FALSE,FALSE,FALSE
https://prokr.com/services/cleaning/tank-cleaning,https://prokr.co/services-page,301,FALSE,FALSE,FALSE,FALSE
https://prokr.com/deals/leaks-plumbing/safwa,https://prokr.co/corporate/acquisition,301,FALSE,FALSE,FALSE,FALSE
https://prokr.com/deals/leaks-plumbing/khamis-mushait,https://prokr.co/khamis-mushait/water-leak-detection,301,FALSE,FALSE,FALSE,FALSE
https://prokr.com/blog/category/energy-saving,https://prokr.co/blog,301,FALSE,FALSE,FALSE,FALSE
https://prokr.com/saudi/dammam/flooring,https://prokr.co/dammam,301,FALSE,FALSE,FALSE,FALSE
https://prokr.com/faq/leaks-plumbing/bisha,https://prokr.co/corporate/acquisition,301,FALSE,FALSE,FALSE,FALSE
https://prokr.com/saudi/riyadh/pest-control,https://prokr.co/riyadh/pest-control,301,FALSE,FALSE,FALSE,FALSE
https://prokr.com/saudi/az-zulfi/electricity,https://prokr.co/corporate/acquisition,301,FALSE,FALSE,FALSE,FALSE
https://prokr.com/faq/leaks-plumbing/jazan,https://prokr.co/jazan/water-leak-detection,301,FALSE,FALSE,FALSE,FALSE
https://prokr.com/saudi/dammam/painting-gypsum/decor,https://prokr.co/dammam,301,FALSE,FALSE,FALSE,FALSE
https://prokr.com/faq/pest-control/yanbu,https://prokr.co/yanbu/pest-control,301,FALSE,FALSE,FALSE,FALSE
https://prokr.com/faq/moving/sakaka,https://prokr.co/corporate/acquisition,301,FALSE,FALSE,FALSE,FALSE
https://prokr.com/deals/leaks-plumbing/jazan,https://prokr.co/jazan/water-leak-detection,301,FALSE,FALSE,FALSE,FALSE
https://prokr.com/deals/leaks-plumbing/dhahran,https://prokr.co/dhahran/water-leak-detection,301,FALSE,FALSE,FALSE,FALSE
https://prokr.com/emergency/ac/umluj,https://prokr.co/corporate/acquisition,301,FALSE,FALSE,FALSE,FALSE
https://prokr.com/saudi/dammam/leaks-plumbing/pipe-repair,https://prokr.co/dammam/plumbing,301,FALSE,FALSE,FALSE,FALSE
https://prokr.com/saudi/muhayil/leaks-plumbing,https://prokr.co/corporate/acquisition,301,FALSE,FALSE,FALSE,FALSE
https://prokr.com/deals/leaks-plumbing/bisha,https://prokr.co/corporate/acquisition,301,FALSE,FALSE,FALSE,FALSE
https://prokr.com/saudi/makkah/cleaning/hourly-cleaning,https://prokr.co/makkah/hourly-cleaning,301,FALSE,FALSE,FALSE,FALSE
https://prokr.com/blog/home-maintenance-contracts,https://prokr.co/blog,301,FALSE,FALSE,FALSE,FALSE
https://prokr.com/faq/ac/jeddah,https://prokr.co/jeddah/air-conditioner-cleaning,301,FALSE,FALSE,FALSE,FALSE
https://prokr.com/deals/carpentry/bisha,https://prokr.co/corporate/acquisition,301,FALSE,FALSE,FALSE,FALSE
https://prokr.com/faq/pest-control/abha,https://prokr.co/abha/pest-control,301,FALSE,FALSE,FALSE,FALSE
https://prokr.com/saudi/madinah/landscaping/irrigation-systems,https://prokr.co/madinah/landscaping,301,FALSE,FALSE,FALSE,FALSE
https://prokr.com/faq/leaks-plumbing/safwa,https://prokr.co/corporate/acquisition,301,FALSE,FALSE,FALSE,FALSE
https://prokr.com/faq/pest-control/arar,https://prokr.co/corporate/acquisition,301,FALSE,FALSE,FALSE,FALSE
https://prokr.com/faq/pest-control/qatif,https://prokr.co/qatif/pest-control,301,FALSE,FALSE,FALSE,FALSE
https://prokr.com/pricing/landscaping/dammam,https://prokr.co/dammam/landscaping,301,FALSE,FALSE,FALSE,FALSE
https://prokr.com/pricing/moving/najran,https://prokr.co/najran/furniture-moving,301,FALSE,FALSE,FALSE,FALSE
https://prokr.com/deals/carpentry/sakaka,https://prokr.co/corporate/acquisition,301,FALSE,FALSE,FALSE,FALSE
https://prokr.com/saudi/riyadh/car-towing/intercity-towing,https://prokr.co/riyadh,301,FALSE,FALSE,FALSE,FALSE
https://prokr.com/deals/painting-gypsum/jeddah,https://prokr.co/jeddah,301,FALSE,FALSE,FALSE,FALSE
https://prokr.com/faq/electricity/yanbu,https://prokr.co/yanbu,301,FALSE,FALSE,FALSE,FALSE
https://prokr.com/deals/leaks-plumbing/wadi-ad-dawasir,https://prokr.co/corporate/acquisition,301,FALSE,FALSE,FALSE,FALSE
https://prokr.com/saudi/riyadh/carpentry/kitchen-cabinets,https://prokr.co/riyadh,301,FALSE,FALSE,FALSE,FALSE
https://prokr.com/pricing/painting-gypsum/madinah,https://prokr.co/madinah,301,FALSE,FALSE,FALSE,FALSE
https://prokr.com/saudi/madinah/painting-gypsum,https://prokr.co/madinah,301,FALSE,FALSE,FALSE,FALSE
https://prokr.com/saudi/bisha/ac,https://prokr.co/corporate/acquisition,301,FALSE,FALSE,FALSE,FALSE
https://prokr.com/faq/painting-gypsum/najran,https://prokr.co/najran,301,FALSE,FALSE,FALSE,FALSE
https://prokr.com/,https://prokr.co/corporate/acquisition,301,FALSE,FALSE,FALSE,FALSE
https://prokr.com/saudi/duba/painting-gypsum,https://prokr.co/corporate/acquisition,301,FALSE,FALSE,FALSE,FALSE
https://prokr.com/saudi/dammam/pest-control/municipality-certificate,https://prokr.co/dammam/pest-control,301,FALSE,FALSE,FALSE,FALSE
https://prokr.com/deals/carpentry/najran,https://prokr.co/najran,301,FALSE,FALSE,FALSE,FALSE
https://prokr.com/saudi/madinah/insulation-roofs/cracks-treatment,https://prokr.co/madinah/roof-insulation,301,FALSE,FALSE,FALSE,FALSE
https://prokr.com/faq/ac/rabigh,https://prokr.co/rabigh/air-conditioner-cleaning,301,FALSE,FALSE,FALSE,FALSE
https://prokr.com/pricing/painting-gypsum/wadi-ad-dawasir,https://prokr.co/corporate/acquisition,301,FALSE,FALSE,FALSE,FALSE
https://prokr.com/deals/car-towing/dammam,https://prokr.co/dammam,301,FALSE,FALSE,FALSE,FALSE
https://prokr.com/pricing/pest-control/hafr-al-batin,https://prokr.co/hafr-albatin/pest-control,301,FALSE,FALSE,FALSE,FALSE
https://prokr.com/saudi/jeddah/painting-gypsum/exterior-painting,https://prokr.co/jeddah,301,FALSE,FALSE,FALSE,FALSE
https://prokr.com/emergency/ac/wadi-ad-dawasir,https://prokr.co/corporate/acquisition,301,FALSE,FALSE,FALSE,FALSE
https://prokr.com/saudi/makkah/electricity/electrical-faults,https://prokr.co/makkah,301,FALSE,FALSE,FALSE,FALSE
https://prokr.com/deals/leaks-plumbing/taif,https://prokr.co/taif/water-leak-detection,301,FALSE,FALSE,FALSE,FALSE
https://prokr.com/faq/cleaning/al-majmah,https://prokr.co/majmaah/cleaning,301,FALSE,FALSE,FALSE,FALSE
https://prokr.com/saudi/madinah/ac/unit-relocation,https://prokr.co/madinah/ac-maintenance,301,FALSE,FALSE,FALSE,FALSE
https://prokr.com/saudi/madinah/pest-control/cockroaches,https://prokr.co/madinah/cockroach-control,301,FALSE,FALSE,FALSE,FALSE
https://prokr.com/pricing/electricity/wadi-ad-dawasir,https://prokr.co/corporate/acquisition,301,FALSE,FALSE,FALSE,FALSE
https://prokr.com/faq/painting-gypsum/al-majmah,https://prokr.co/majmaah,301,FALSE,FALSE,FALSE,FALSE
https://prokr.com/pricing/cleaning/dhahran,https://prokr.co/dhahran/cleaning,301,FALSE,FALSE,FALSE,FALSE
https://prokr.com/saudi/az-zulfi/painting-gypsum,https://prokr.co/corporate/acquisition,301,FALSE,FALSE,FALSE,FALSE
https://prokr.com/faq/painting-gypsum/sakaka,https://prokr.co/corporate/acquisition,301,FALSE,FALSE,FALSE,FALSE